x,y,z,magnitude,label
-0.06377853555829822,0.11907352938213857,10.046465678287333,10.047373728094463,normal
-0.22249398934046336,-0.23954396920503085,9.7492558894168,9.754736043881623,normal
0.04700844594431029,0.06039879485622158,9.926812634558194,9.927107679985868,normal
0.08966055993368668,-0.29832450085623125,9.903113717362945,9.908011799692252,normal
0.4951067308734612,-0.07164690750307903,9.493251330573658,9.506423343179573,normal
-0.12307719469962243,0.5440704683455098,9.634057581997455,9.65019306354145,normal
-0.4664998378069658,-0.18823583129887175,9.978727191415512,9.991398860397577,normal
-0.11926880221947242,0.6289042565230903,9.668191205616278,9.689358430743063,normal
-0.2399074728009165,-0.6002000177328316,9.608759074061563,9.630474889648623,normal
-0.25928734455597113,-0.3381322867598584,10.16133847150501,10.170268575749812,normal
-0.1280428973767964,-0.07813621700792356,10.222179962816252,10.223280463930305,normal
0.05847948192242201,-0.1951616703248734,9.420983498637499,9.423186191993128,normal
-0.08155059524709994,-0.14972283816410978,9.87241431387612,9.8738863581003,normal
-0.3485799410310189,-0.2591048408748695,10.080457119790987,10.089809663110538,normal
-0.2668498374251059,0.05884071220181658,9.683296988395467,9.6871518843577,normal
0.10053899198072946,0.33136214982947576,9.80336128256313,9.809475082781237,normal
0.2426639494703059,-0.11251486250153596,9.574697430018253,9.578432870937416,normal
-0.1781281385421103,-0.19627207019470766,9.714288870673577,9.717904127031277,normal
-0.08362031657291796,0.36163395112055446,9.953480539409131,9.960398903675651,normal
0.188734536419335,0.23763729368184666,9.64428172729955,9.649054992283434,normal
-0.24169218629123146,0.1854338454830726,9.869074811811332,9.873775289376084,normal
-0.015338902437239704,-0.16213760275530922,9.944705682662015,9.94603916134083,normal
-0.7444367041225824,0.2016133226889873,10.124367458706686,10.15370131416369,normal
0.12385484391143202,0.3181277171865077,9.84408292505945,9.850000705697925,normal
-0.5848719216680643,0.39526303240570415,9.427875893313088,9.454266332680517,normal
-0.04404136863096823,-0.018303207180160055,9.609765445272169,9.609883795483219,normal
-0.3258392563719673,-0.2155375599259273,10.275591831988894,10.283015859093515,normal
0.2590137339383785,-0.33449737543667846,9.518755938907228,9.528152561384832,normal
-0.14715617534071426,-0.5147304456656235,10.005942486895558,10.02025386019225,normal
0.32408678996806434,0.04300262632630995,9.674150919296471,9.679673418180363,normal
-0.33852664181914427,-0.030112190184895853,9.370816035038745,9.376977135183722,normal
0.3112080495889699,0.022305193193354573,9.404804607047614,9.4099786221073,normal
-0.17601439212337575,-0.47558692812262604,9.825581642036354,9.83865939021966,normal
-0.15890247223630788,0.24764274748088527,9.485197214892725,9.489759909053095,normal
0.04684384823621538,0.49724568932332164,9.579673039803803,9.592683835674562,normal
-0.17832820288224913,0.02670938910205485,10.20701365409696,10.208606274821808,normal
0.6463289345718822,-0.2929782745812868,9.937960774309238,9.963264611198005,normal
0.5026620994073475,0.013470254302118364,9.524786253372774,9.538050314732594,normal
-0.14809544417697437,-0.4406194937695507,9.775018769984495,9.78606508012413,normal
0.23480809420708826,0.34923013933648805,9.616952036625221,9.62615515177665,normal
0.08999643046791773,0.23984130224250005,9.817836268443642,9.82117774005367,normal
-0.39379710989184963,0.29670065584717603,10.034181549893823,10.046288211034408,normal
-0.386957442425834,0.015325122643833605,9.661890553079816,9.669648389746433,normal
-0.18462871794709704,0.17947057669156208,9.736238719941214,9.739642799562585,normal
0.025027738002798183,-0.4759872692297321,9.16677654816444,9.179160231312878,normal
0.2584595085605991,0.11717061849898378,9.583880810341233,9.58808122922578,normal
0.25800974435878676,-0.08191156128912029,9.68982727257491,9.693607744508409,normal
-0.053708023083267255,0.1286862239311554,9.600673649855937,9.601686269974211,normal
-0.055563036504386515,-0.2752176331219471,10.111996482967458,10.115893676198514,normal
0.22388931550042854,0.11352979397424426,9.975984793595087,9.979142650636652,normal
0.02933582732382658,0.152019273458876,9.531622319162109,9.532879653358528,normal
0.5871851911596084,0.23914142472477135,10.202578629975202,10.222259328082183,normal
0.010402685424647604,-0.10180412527084595,9.840958337861538,9.841490400509098,normal
-0.2520651870105,0.12585188256805402,9.795364561183677,9.799415413244896,normal
0.29612720025454553,0.042814609258338826,9.757935127366897,9.762521311597602,normal
-0.5362668541446631,-0.32932378982720695,9.650541845286845,9.671038941346106,normal
-0.38354399687741436,0.3484631256866393,10.03216219068721,10.045536858115549,normal
-0.19364347374073218,0.3403962241749252,9.47678006586348,9.484868359713927,normal
-0.616186804370519,0.345583323134982,9.760430061174748,9.785964898271047,normal
-0.103247722806612,0.6846291540882556,9.984761909955525,10.008738560347705,normal
-0.1720184606212686,-0.10218895138599236,9.82731374465467,9.82935035332745,normal
-0.12358820016173451,-0.535684185026989,9.821749145785173,9.837122946880303,normal
-0.33301720900205684,-0.2512965828350773,9.605134926409038,9.614190937804327,normal
0.07715412167391104,-0.16898511527174148,9.81763944916628,9.819396777883084,normal
-0.12783477961416087,0.033607881345334586,10.339521389060277,10.340366230235876,normal
0.2734198091063727,-0.24707792251898394,9.824733128740611,9.831642128494169,normal
-0.19254267880842893,0.25507171485118807,9.809848392228242,9.815052712104142,normal
0.14744836148072718,-0.2641031018284872,9.889013173139045,9.893638006629125,normal
0.4614143867931633,0.0012193741829643616,9.598590075228904,9.609674092054107,normal
0.48808330842195524,0.5208480882955581,9.437753324212917,9.464707911802309,normal
-0.0033027767861196385,0.04930906476190533,9.75959119176582,9.759716313633053,normal
0.13573291809616042,0.14381880033767794,9.423273836630468,9.425348644613088,normal
-0.10182326558677733,0.11923586986180597,10.068300849573191,10.069521695075329,normal
0.15675310773231294,0.2461008634984958,9.876643590383706,9.880952675894465,normal
-0.22087806955677283,-0.02871822324318072,9.404218360778668,9.406855735853718,normal
0.061316595666225424,-0.22143185626479564,9.731271374238446,9.733983478049753,normal
0.08937281939685818,-0.21911822607534331,9.451830871752728,9.45479281243451,normal
0.1023136874314176,-0.12700484872785087,9.383899549289861,9.385316674113808,normal
0.10992796497614568,0.4622801870356049,9.644082766970566,9.655781664111307,normal
0.5811626146087735,0.2661623810445345,10.039759169156808,10.060087304410951,normal
0.6660051003205999,-0.7517748664938116,9.584106263218727,9.636587627797159,normal
-0.2923477806239911,-0.00946609464096335,9.331355217356137,9.335938465106928,normal
-0.2180039529693423,-0.29901700214249183,9.8222038136067,9.829172124197976,normal
0.3790258557656019,-0.499112556487453,10.093985709795373,10.113422835664267,normal
-0.5053400627998952,0.578170991470816,9.775034633770952,9.805149278102325,normal
-0.22927360523056584,0.21114661867310772,9.765120519301398,9.770093553140303,normal
-0.011632303943125385,-0.07702557504045238,9.962559304234041,9.962863852331095,normal
0.20017191344930957,-0.2143425228198034,9.441958797382663,9.446512448702673,normal
0.47948820493609096,-0.1494783472219742,10.151438134506726,10.163855022267803,normal
0.20986440669362402,-0.05030132139441849,9.511001941318229,9.513450016681121,normal
-0.044846962414631535,0.7148430123788958,9.390890325038265,9.418165048420104,normal
0.01755689838671229,0.33728050692553085,10.175652932109802,10.181256257446215,normal
0.040898418539763615,0.4866958639163656,10.05610325430552,10.067957002582324,normal
-0.04611880818502496,0.1657394737081583,9.637269629566546,9.638805031256686,normal
0.15762817427511777,-0.3429971062918246,10.005556797900784,10.012674991842513,normal
-0.3797366186350275,-0.22581080374499574,9.75612640699346,9.766124763070327,normal
-0.14422733039732136,0.18846923697074439,9.486577648270826,9.489545703182504,normal
0.3905830239103673,-0.12182917678190018,9.768295666552552,9.776860317917592,normal
0.10021123023685441,-0.3424880384460659,9.57082109210669,9.577471311586295,normal
-0.7733567558872316,-0.03171355462572336,9.653180814448014,9.684161618738642,normal
-0.22882933561837904,0.04097878845420456,9.39041545486472,9.393292529294769,normal
0.3938012965403823,0.5257243315998086,9.406076741824222,9.428984314711712,normal
-0.02901460902019052,0.19895031608809274,9.775639945500805,9.777707268060295,normal
0.07875726086937102,-0.17986470205516467,9.645100515108647,9.647098940289466,normal
0.1380528163556974,0.23643581344355225,9.022478018409421,9.0266311582264,normal
0.4179630262680323,0.013056765547429464,9.767826243340416,9.776773143043846,normal
-0.02391516608358469,0.3445289467150658,9.474083594038946,9.480376156942894,normal
0.15167365551855283,-0.13920721921814574,9.379033961035185,9.381293172580856,normal
-0.3609553079364724,0.2052557164447236,9.613233825909278,9.622197422370167,normal
0.4144964402921005,-0.4436424506181487,9.78142535752047,9.80025040229839,normal
0.7793377145417143,-0.10504243228693914,9.579203362987604,9.611427482708324,normal
0.34685972398910137,0.1292655022829033,9.465466652123947,9.472701841643532,normal
0.6670851588134937,0.10964481153351181,9.956549271597877,9.979473833402324,normal
-0.4303638881355574,0.07323646432515155,9.347147537081463,9.357336359022586,normal
0.1028044073940001,0.16597992212348675,10.08565010750199,10.087539649076115,normal
-0.06964553308786431,0.022945384704714303,9.754636564136227,9.754912172302822,normal
0.13276669113228023,0.12195290277148428,9.777750652661659,9.77941242255352,normal
0.4286844911490717,-0.3177521347286098,9.907961828572333,9.922320515309044,normal
-0.274575786310371,0.3226017500834883,9.717087692332163,9.726317749901968,normal
0.0910881100830326,-0.0005823220151811323,10.279433038361674,10.279836621904987,normal
0.16767403236348175,-0.13968940005428981,9.688505995233722,9.690963632647495,normal
-0.005995218798954824,-0.21863099578121606,10.112895302657737,10.11526009836038,normal
0.30011560068732357,0.1994319208401399,9.812634154530109,9.819248011710302,normal
0.09349483395663043,-0.2897951270173296,9.738436326424006,9.743195809560344,normal
-0.20026782610215021,-0.05644958561084115,9.663812712578356,9.666052446664995,normal
0.2369063041604419,-0.262181219031579,10.1737557328666,10.179890436571498,normal
0.19731649811973312,0.004940756279457605,10.0356200491039,10.037560858170623,normal
0.05360720013544255,0.006354628005369606,10.081070272383505,10.081214805267164,normal
-0.2352980286898981,-0.23449203207898578,9.87809997307253,9.883684067868083,normal
0.4540532731128086,-0.3767194230929005,9.934929742851729,9.952432410921453,normal
-0.10556429873680538,0.7350203895273725,9.586381275122012,9.615097750215474,normal
0.29333894172724156,-0.04388033114798142,9.575127921780497,9.57972066067982,normal
0.3039964894124726,-0.29824130891972334,9.550633612199185,9.560123646605733,normal
0.20717058936096014,-0.12349987695310073,9.75030290301184,9.75328552710238,normal
-0.05746355198771133,0.2361651061230293,9.61077189414946,9.613844830167084,normal
-0.20105357974749974,0.23688486005496895,9.890350176769758,9.895229335289915,normal
-0.49657058273123783,0.07973515513824646,9.923402145931691,9.936138595474635,normal
-0.3391831295983131,-0.40899828252176534,9.436005716249046,9.45095384961722,normal
-0.11111402210245576,-0.5890302508559455,9.705358811463169,9.723851737947108,normal
0.1116127443549031,-0.03194851815632279,9.710035932817778,9.71072993801842,normal
-0.45088616535794007,-0.7493669626567312,9.856480885976545,9.895204122930135,normal
0.2467746022090757,0.09336966503647316,9.467187618082347,9.470863582304213,normal
-0.14111783971749817,-0.22102008243295107,9.841758913892502,9.84525178147861,normal
0.10498324280349047,0.04797636980956136,9.853056773051025,9.85373284528743,normal
-0.0639396519971911,0.44540273534072566,9.736364238610538,9.74675640726907,normal
0.08226081683920076,-0.4294474511176811,9.467717458876177,9.477809126394522,normal
0.21934089566413048,0.4704779272372886,9.628885917769466,9.642868034249322,normal
-0.0017909668751274457,0.17299221996241598,9.897517641811186,9.899029497162514,normal
-0.5648678287032041,-0.13988348270055825,9.336509023284728,9.354626865595092,normal
-0.07664323832389089,-0.25632711205371445,9.865867910086388,9.869494789178772,normal
-0.554157558790231,0.5468677871619286,9.8042852736945,9.835149450037989,normal
0.20972992112435604,-0.10368137674907589,10.031265441871563,10.033993364208794,normal
0.2092723707833463,-0.1120161564599604,9.758005704747147,9.760892268556148,normal
-0.08481399697817119,-0.08844902612371382,9.744472670362152,9.745243161037108,normal
0.12183785164267309,0.3554443914879667,10.18092634647789,10.187857794941033,normal
0.1317793031456914,-0.29675960997139944,9.64996922744653,9.655430500061243,normal
0.268672924667506,0.9569900735521916,9.677007737090081,9.727923410729966,normal
-0.12855854640154862,-0.7001028441402262,9.827559289235253,9.853303652869947,normal
0.23333780277339414,-0.33651333968720176,10.293424162503785,10.301566324943371,normal
0.15183911138666653,0.18122234332166653,9.602000386335138,9.604910622834854,normal
-0.0026588289128197614,-0.6057466863842341,10.364510474792082,10.382196949562816,normal
0.03932646432519158,-0.29297033469673395,9.726246870601436,9.730737709736752,normal
-0.20664213147198707,-0.34249700224039675,10.0441968822417,10.052158781887442,normal
-0.17040330376346782,-0.18231115846981572,9.672465270130328,9.67568390587009,normal
-0.10332466872960568,-0.10476982982481951,9.428097391219042,9.429245628507134,normal
-0.41073083980971287,-0.15667803807755568,9.57949400470423,9.589575236502967,normal
0.21188149275562215,-0.13475731191126364,10.046722506471529,10.04986002002652,normal
0.045154017000707515,0.5300522551011367,9.667588695065055,9.682213871596657,normal
0.08600703245889924,0.043556176220549934,9.866200937803713,9.86667194626629,normal
-0.0800071215990078,-0.40921782230146897,10.089883565416054,10.09849546859574,normal
-0.18288352949509804,-0.11031058047494369,9.064609829186967,9.06712557346143,normal
-0.39700069736297494,-0.11893706114611312,9.743894702788578,9.75270421766456,normal
0.3559118496506895,-0.3657448677439493,9.399087078072853,9.41293155473888,normal
0.19173083559839854,-0.2315300823991071,9.629911561091825,9.634602408341769,normal
0.30769619646683727,-0.24544600711777237,9.584600528842307,9.592678874496656,normal
-0.15211973577030724,0.26299025882574856,10.065944969678041,10.070528904820973,normal
-0.09364714629239732,0.18248419079921976,9.437150182268178,9.439378890085123,normal
-0.2975838908854897,0.4169286215983015,9.690370257154127,9.703899286800114,normal
0.38290013025309755,-0.095476683094398,9.82937293273811,9.8372913221886,normal
-0.09867517380888398,-0.6126684915434558,9.582664648862888,9.602737174525961,normal
-0.2783059719156165,-0.1074509117040577,9.517509782436758,9.522184222709058,normal
-0.06958041182313117,-0.14324957031926558,9.298977273531431,9.300340865084472,normal
-0.14249577212574066,0.060370615417864,9.853783699269277,9.85499887611686,normal
-0.07005943310605807,0.14766353117116474,9.928789700751757,9.930134831126878,normal
-0.2123665566494626,-0.0023143469527285797,9.67111690136314,9.673448559351352,normal
0.06794344002738453,0.34878929154200056,10.576235033890217,10.582202879033455,normal
-0.27065106583208753,0.08267570068324548,9.895193390383824,9.899239339667226,normal
0.6233395705012036,-0.21665079044886684,9.957240454830117,9.979084490095282,normal
0.13362539828147263,0.36181453364298716,9.608298995942725,9.616037390695565,normal
-0.04708172697256222,-0.4741696857056966,9.634665683740263,9.646441645358104,normal
0.24127177087317414,-0.10398406613953211,9.791536523612207,9.795060604542629,normal
0.14171489352275474,-0.31827065904640256,9.852551035743982,9.858708903066152,normal
0.12661848318881233,0.5568215099743963,10.07799463113754,10.094159609372753,normal
-0.47771994954376806,0.44997818089602076,10.121509965022462,10.142763956906597,normal
-0.5217636347255141,-0.31302447808645534,9.583141644350295,9.60243851269479,normal
0.05087330090530787,0.0031435411592729257,9.769699865802508,9.769832825717007,normal
0.021933649608097162,0.17046935046924108,9.640279079887964,9.641811117345126,normal
-0.5491911762911096,-0.1357692151805906,9.830673648751116,9.846938032513272,normal
0.1545904825281162,0.24613153453692005,9.883754812358013,9.88802751515144,normal
-0.014424650062992546,0.38864913293379716,9.710242578055386,9.718027945202635,normal
-0.3213734412480846,0.14636278579566697,9.487185938210237,9.493755841603447,normal
-0.22337198898964405,-0.20819509249198279,9.637445398891517,9.64228157951313,normal
0.24281505527628605,-0.03826610441861429,9.858818627280451,9.86188258759088,normal
0.034684047551160065,0.29863237240321266,9.787439160888827,9.792055433110145,normal
0.39191859714279714,0.11821709192447305,10.033593786047582,10.041941034034311,normal
0.8111088559143119,0.1306538723034363,9.577409546357064,9.612582464100994,normal
-0.5156613788101808,-0.10062122304430887,10.253527135821745,10.266978621442446,normal
-0.24780761270480142,0.004927835406911672,9.813884443208142,9.817013841342948,normal
-0.040733452515626704,-0.01703958979078862,9.984275734964413,9.984373366094301,normal
0.08645049401480599,0.3718047316452624,10.158410990855073,10.165580470662476,normal
0.07535172842613028,-0.20603487073859467,9.591364000348293,9.593872609020524,normal
-0.14446354072115505,0.11250756208303321,9.78612911973546,9.787841989645004,normal
-0.7694611768548792,-0.1471498673358406,9.67845651402469,9.71011040514014,normal
0.15796053804563442,0.19070157050535674,9.93450399174386,9.937589656579082,normal
0.2688635064514746,0.3477693952693824,9.581141913350601,9.591220542827228,normal
-0.2863791113509434,0.423306869347771,9.557584170792733,9.571239046374455,normal
0.4897330149253355,-0.1703567710294372,10.005612725065484,10.019039168469988,normal
-0.17870691336839015,-0.141665351189996,9.805559162776694,9.808210628209787,normal
-0.44753462886167333,-0.0029611378705798543,10.25483170574434,10.264592993660646,normal
-0.022038393526043563,0.2118765306207712,9.947233567697063,9.949514209514772,normal
0.758579641286557,-0.48146215323250074,9.899079882876931,9.939770188729137,normal
0.548119617049872,0.32274198060338305,10.193299013840887,10.213125980139885,normal
0.5329857381874057,-0.32072745248536577,9.602963983311396,9.623089792819394,normal
-0.19502160555460396,0.07484789734020549,9.702201883776736,9.704450372274064,normal
-0.017564398925934803,0.06068564729123941,9.762741674291252,9.76294608480657,normal
-0.07984829125342575,0.13408716491828376,9.192251708247964,9.193576376209615,normal
-0.20549074129600509,0.3870325774413352,9.880046685658805,9.889759510299369,normal
-0.5504772533777933,-0.1480597317250749,9.658826147542051,9.675632766857518,normal
0.3875192196418934,0.193256581705028,9.789944475990326,9.799516931713404,normal
-0.10827183614139842,0.10862851134595601,9.877634386164027,9.878825031890617,normal
0.6703583983240532,-0.4532558487131415,9.689889111082474,9.723619296932133,normal
-0.6529666469992615,0.1254030774188773,10.09613795207131,10.11800834755409,normal
-0.319925695253492,0.41415248057047843,9.539767190324168,9.554110778781643,normal
0.2637038448366871,0.20182564456383412,9.846749306191482,9.852347192804752,normal
-0.0051156169248513,0.3452395729942945,9.9502652989425,9.956254117469937,normal
0.1362069819223056,-0.36603758672970865,9.915510077954806,9.923198877521635,normal
-0.46884454120371516,-0.11311286381366442,9.78087782988048,9.792761655775358,normal
-0.40352368851655396,-0.012513948806848542,9.496445812542348,9.505023463235734,normal
-0.15697307173519207,0.47368562247178736,9.772340226148632,9.785072923069565,normal
0.14119353633504336,0.12503782188799797,10.00002161465728,10.001799956268776,normal
0.4887951402950018,0.08326053331867338,9.94568525632135,9.958037368045591,normal
0.5565832434270837,-0.453503326878006,9.731047989817583,9.757496869304445,normal
0.27760991746936814,-0.2026364360505466,9.9221747906657,9.928125773176655,normal
0.2513610015545917,0.3906938667661196,9.468819174537114,9.480208890668647,normal
0.3723700368609673,-0.5093243493291384,9.50946080062221,9.530368065071873,normal
0.4455902623909021,-0.267502434199216,9.769274227859967,9.783088836015395,normal
0.054213304911426535,0.19406273759201806,9.758294190622866,9.760374221273235,normal
0.0798544288311274,0.6268103194950523,9.89107766312647,9.911240348434136,normal
-0.2721220966879897,-0.4659799356937549,9.38888466250807,9.404378923770263,normal
-0.021224239249104385,-0.15429822403922563,9.662111632528093,9.663366887876506,normal
0.06040076857640994,0.18654884612077863,9.833025687406261,9.834980574155955,normal
0.4865385971067598,0.31110602356728917,10.061955171965405,10.0785142083055,normal
0.27538095457822814,0.22131095582442434,9.945375717784023,9.951648676335012,normal
-0.40890040452367865,0.02125007908123294,9.986496765022869,9.994887130152737,normal
-0.1242533065016918,0.14543122200602943,9.919585420936228,9.921429536501346,normal
-0.1673705097724251,-0.2616998767754044,10.092285549797444,10.09706528312539,normal
-0.045637852050250664,0.09218192378004614,9.768676235678367,9.769217763880526,normal
0.1947697736835274,-0.33698584542961785,9.91907757647309,9.926711172027314,normal
0.7395714671992484,0.024208211884175854,9.96019654501479,9.98764572899652,normal
0.3884638260897949,0.053888208167592135,9.763083832015125,9.770957680499643,normal
-0.12412808712079669,0.14308535550780999,10.069659066014419,10.07144055767294,normal
0.18596684362021526,0.10134967948652514,9.593816899169617,9.596154340112014,normal
-0.3767381716000581,0.03380304250519989,10.025481443298776,10.032614438198614,normal
0.3140124235061001,0.15718053183976227,10.081745179128296,10.08785881040086,normal
0.08593501806622003,0.6048206133691024,9.996936532547657,10.015584498044644,normal
0.29298934536908444,-0.2132986177242119,9.843090626510339,9.849760004107642,normal
0.10871706565428033,0.2545943229797643,9.7548984618595,9.7588258346405,normal
0.36522601295068663,0.31129541369332675,9.800267450562199,9.812009833753288,normal
-0.12694014993320088,-0.019564380847984224,9.620521759429234,9.621379084638251,normal
0.11000536581396547,0.22236799136865779,10.052482916055618,10.055543818296615,normal
0.333297095409048,0.08793235600939488,9.731457588368743,9.737560569632471,normal
-0.333355607202704,0.25952405877529966,9.81393075472377,9.823019676069562,normal
0.4101206929261165,0.13553248158308298,10.1092698106369,10.118493175398443,normal
0.1728262741882321,0.20930152739965405,9.66886411082903,9.672673324582986,normal
-0.26888857661628196,-0.858119725275097,9.888398709061882,9.929204376933614,normal
0.2233845370103624,0.4845256109885161,9.526151273911369,9.541080851377496,normal
-0.23269171600808133,-0.15966795778992213,9.9891460874847,9.99313158367058,normal
0.05140981870356038,0.019094732116457326,9.961186621744066,9.961337585458425,normal
0.3472552194450569,0.058211922018597116,9.901075173984914,9.907333870229534,normal
0.5443865713518364,-0.34377271752466104,10.033146478182227,10.05378359987139,normal
0.2369225798990549,0.1496213621023945,9.894794551934332,9.898761442011457,normal
-0.06867021441105513,0.30971415087067006,9.78979267368173,9.794931293647203,normal
-0.2778011812896553,0.01653068546322489,9.980374035259409,9.984253234146657,normal
0.1256277853993401,-0.06996993603767873,10.267861317585167,10.268868202950863,normal
-0.20229324008947924,0.017680962964434502,9.488958366020885,9.49113091488654,normal
-0.034991460549537404,-0.2537415694427853,9.711796876282703,9.715174097902166,normal
-0.35251528915796587,-0.20032604459115858,9.55298025070196,9.56158089562251,normal
0.143699655519539,0.027278925419794334,10.317167469492858,10.318204219937215,normal
-0.20833738668976245,-0.6149339863267186,9.8891691379479,9.910459853769328,normal
0.05268433089478153,0.08423730843021375,9.839978947008113,9.840480539100533,normal
0.5114757384350483,-0.016219314732227357,9.63209623746357,9.645680298710813,normal
0.08276767835305367,0.2765126348903369,9.901505288735859,9.90571131765398,normal
0.36701139293372664,0.01657755685540359,9.7527652499733,9.7596824845392,normal
0.30282716830984524,0.13271242903304337,9.635725327627572,9.641396137083566,normal
-0.023982710195556516,0.11193564950917309,9.45548492904253,9.456177874985737,normal
-0.37881396800667483,-0.2371300483637123,10.048685989454695,10.058619229141593,normal
-0.3256109611576728,-0.3091764088124113,9.751115938581906,9.76144838625182,normal
-0.1810784080174642,0.34011528352960446,9.729154009294072,9.736781066271517,normal
0.5231239816676903,0.29415957516229874,9.8858296593983,9.904030321565793,normal
-0.6180153029531292,-0.19437733645625893,9.965227702486928,9.986264998788334,normal
0.32808826147342257,-0.3368920283216393,10.414178854173905,10.424790614337835,normal
-0.2934769003225366,-0.2832155439520897,9.488897223589609,9.497658145838141,normal
0.39117610616848125,-0.08498121266406966,9.41151969383444,9.42002884814991,normal
-0.13478183933750693,-0.44009679117086703,9.410298901044332,9.4215485317866,normal
0.02063679145473746,-0.04059173001105074,10.177612648964322,10.177714517418211,normal
0.35652862465421903,0.590228194015467,9.78960240126942,9.81385740451473,normal
-0.04383263249639749,-0.16128957588010298,9.915084042836972,9.916492686604448,normal
0.1656496711174859,-0.06571363714698614,9.752373206943803,9.754001295015486,normal
0.14978020640869036,-0.244580985941931,9.48067535135245,9.485012339826348,normal
-0.30069956517025476,-0.19458213029030255,9.439085332848114,9.445878167471264,normal
-0.20607175682246848,-0.5593921104400882,9.573660069837915,9.592202678998783,normal
-0.030414460977698142,0.013507212025951518,9.96211569954169,9.962171284176371,normal
0.01851801391590233,0.07225945042962541,9.85270837108935,9.852990743462104,normal
-0.18896665834073806,0.21938435967392508,9.897440230937034,9.901674657359983,normal
0.1673940085168609,-0.28963218381417016,9.678421227003302,9.684200793214503,normal
0.44370079000017004,0.1741376073502284,9.776818933970098,9.788431067590793,normal
0.4657399561680119,-0.09771314300589896,9.387219316641298,9.399273805130425,normal
0.21171748666929577,0.0016703634913113475,10.26056861373869,10.26275281596099,normal
0.10661690375197742,0.5265619189439159,10.064219143896487,10.078548585734957,normal
-0.20216909332741304,-0.06554693107174381,9.759895891011965,9.762209613907192,normal
-0.32906976447967934,0.3870001000293459,10.083912554980486,10.096699876881084,normal
-0.22434384153446293,0.3367233807503645,9.821721919337067,9.830052606937798,normal
-0.1563411148471052,-0.07127780947123692,10.143451536936807,10.144906709896366,normal
0.29062004275623504,0.043148893250439864,9.741626480616564,9.746056039449508,normal
0.22860568031039946,0.10364397732028834,9.238853716507348,9.242262743837495,normal
-0.1361811305306649,0.446229624157567,9.657234319312524,9.668497343222267,normal
-0.26815477060140924,0.016873679716842303,9.89072737736807,9.894376168080619,normal
0.1667431196001489,-0.28535749936532506,9.524333000358418,9.530065648886916,normal
0.19089391438608566,-0.05289891531490226,9.90402669909592,9.906007451955404,normal
0.09596310890819512,0.027416641953535808,9.688362540663038,9.688876576252278,normal
0.47062742483994086,0.09088104890591144,9.811101522170596,9.822803195442729,normal
0.023634153474136915,0.08336212483686761,10.026334806449109,10.02670920432425,normal
0.299301797777121,0.3201533229302806,10.092153968344533,10.10166577536142,normal
0.17824675061252945,-0.4305548047803116,9.683941073901243,9.695146418018394,normal
-0.18894490439705397,-0.07185430016824651,9.976247945337148,9.978295760509104,normal
0.06492552351609918,0.6572559636182834,9.847466669811645,9.869589684397567,normal
0.2961198530463696,0.06920209835900355,9.662958223915517,9.667742111523353,normal
0.049679756227619255,0.09524371062550097,9.473571338837143,9.474180352654741,normal
0.06617276173556781,0.05983220482412903,10.054600223553239,10.05499599117805,normal
-0.31124836915982723,0.05071885498197227,9.986582327867481,9.991560165501202,normal
-0.19462841722299817,-0.40795327217862143,9.237563134262551,9.248614964012642,normal
-0.17516417338202875,0.2429788044911204,9.872319458973726,9.876862492061932,normal
0.4396392241595721,0.2702998021473018,9.484722143968693,9.498752485392519,normal
-0.16963058927404995,0.3396917392791249,10.046935360286277,10.054107377003822,normal
-0.07479977104946747,0.28128438791909727,9.17189542921775,9.176512500789258,normal
0.4223246638994916,-0.44870180907997304,9.653203616679576,9.67285022629241,normal
-0.1509289789684888,0.4039042566360924,9.684318020870935,9.693912199653283,normal
0.12185550064859438,-0.03997350427113957,9.25814174798926,9.259029931366658,normal
-0.12295331099325282,0.0682317662675266,10.039973829361664,10.040958499310676,normal
-0.46958924537064434,-0.4879633519407804,9.911266959492924,9.934376429074003,normal
-0.1715902320100654,-0.42019951954095963,10.016806342283248,10.02708432909336,normal
0.18311037100198782,-0.2969895976665252,9.512863446619756,9.51925959217023,normal
0.4325426798735425,0.6069803897650321,10.068037063471875,10.095587584430877,normal
-0.20284995090782065,0.11623661953361245,9.982683235134893,9.985420553354132,normal
-0.43456227476809967,-0.27143594666979576,9.652004035862166,9.665593812699544,normal
0.33529992642558,0.16434937505607114,9.850748194739618,9.857823124499047,normal
-0.025100948081211005,-0.41690712415243136,9.795936934352003,9.804836665114077,normal
-0.3957596822600024,-0.3222753390076721,9.48565388324306,9.499374543248582,normal
-0.21134113604525903,-0.28691596501398403,9.935937064860795,9.942325241292368,normal
0.05515099538583755,0.1815863827299817,9.647256760151988,9.649123185190623,normal
0.03137078682397944,0.01263239179332488,9.429703912331243,9.429764555800082,normal
-0.16812932909508635,0.047577999119078014,10.146312610406362,10.14781704236893,normal
0.053643282376618286,0.27121402916273574,9.726050073667594,9.729978658088013,normal
-0.05265660124692751,-0.05408257744085735,9.770218744002067,9.770510321804426,normal
0.1837125920228499,0.44636139730121444,10.12409935767301,10.135599470061132,normal
0.2430304446884407,-0.028025604051273502,9.987459874397418,9.990455643974723,normal
-0.19130013029439685,-0.3360544585024556,9.49129330606623,9.499167171952902,normal
0.7191268206079143,-0.5439973858008881,9.880451817501921,9.921512216283002,normal
0.22516611391248487,0.13431396575192042,9.74743850992857,9.7509639279965,normal
-0.40768479526261825,0.2517220567369669,9.981574949871616,9.993068065716393,normal
-0.43901975245714286,0.11177975599047646,10.030777094614848,10.041002050529952,normal
-0.5215068155435489,-0.30318802756161417,9.733040442898233,9.751716187513237,normal
-0.13085555117407324,-0.156796928750714,10.10115337140409,10.10321769956319,normal
0.07581823774128534,0.08572155266523085,9.877568704974763,9.87823162875129,normal
-0.12403215407037145,-0.23979907806571615,9.826893756802031,9.830601633702752,normal
-0.0669751117870112,0.0408060674708077,9.49891265981828,9.4992364177126,normal
0.0633948457376958,0.25901191799874645,9.658313044978783,9.661993425527614,normal
-0.4426716287249559,0.3628300817626067,8.891249671345003,8.909653447654543,normal
0.20146369408552883,-0.14511912288885082,10.236639781279825,10.239650442839505,normal
0.2019537446592491,-0.4173485102158294,9.470168360706847,9.481511159835982,normal
0.05834906926927487,0.5850974196966633,9.871279251122381,9.888776347863244,normal
-0.3394765273720743,-0.10128997466174626,9.549948411750773,9.556517076775654,normal
0.14874493189938848,0.05891617272461915,10.08186324914006,10.083132585884965,normal
-0.14013949884191343,-0.21959123945789288,9.884540733419529,9.887972739758752,normal
-0.04180549696041734,0.15864501972431808,10.057767092775313,10.05910507124632,normal
-0.31132980721536957,-0.18445439171827138,10.421813799578137,10.428094387018282,normal
0.2967229559034221,-0.1906159404991237,9.631189522613752,9.637644451308491,normal
0.38833019773557764,0.42973676029787033,10.135548804599617,10.152084692123356,normal
0.4094316249424145,-0.08945344076984625,10.18670356785241,10.195320777340239,normal
-0.15863997723445972,-0.0265074868799509,9.900131134091477,9.901437560346732,normal
-0.10620746397122124,0.32948024992831826,9.785346591512479,9.791467978629196,normal
0.16589811721768902,0.5053138037274647,10.027703282916272,10.041797516169288,normal
-0.22746289629073163,-0.4034551355445473,9.795382363782196,9.806326073932148,normal
-0.293806151010028,-0.09704148713976975,9.870507147440126,9.875355712695328,normal
0.34268328314469854,0.0011352763539256453,9.58949786311954,9.595618916368734,normal
-0.2769993406468389,-0.06075839206252388,9.738972814707635,9.743100723206096,normal
0.08278483943365504,0.08413916066720874,9.614146057575613,9.61487062546317,normal
0.25638780260492267,-0.10111654219944256,9.61418682401968,9.618136386410027,normal
0.533653709590712,-0.1253136018540569,9.439203853255837,9.45510757019133,normal
0.17406205595114244,-0.1456529112633431,10.002780294098477,10.005354865365158,normal
0.1283013325419335,0.07536382145368543,9.91344628030184,9.914562929849533,normal
0.5405713347666272,-0.12343622064862006,9.83935854856502,9.85496983839925,normal
-0.48857678881441324,-0.04648968360496875,10.001171730755773,10.013206507274196,normal
0.4035950594491579,0.07836957910960012,9.366598110393697,9.375616829018364,normal
0.13308985912625498,-0.2734821813568461,9.919048197791003,9.923710120928709,normal
0.5601846923693228,-0.45796494506580315,10.107619104675925,10.133484235231423,normal
0.05815311359546622,0.28911341555643844,9.70200208137218,9.706483026236931,normal
-0.637317478758433,-0.02264741716594923,9.8568842645887,9.877492286999349,normal
0.4020087326643954,-0.43523654471739487,9.327327764406935,9.346126742970718,normal
-0.3551133378901204,0.07593426661522319,9.800500893906388,9.807226379922804,normal
0.30428830809081964,-0.17299645298830682,10.004750806567587,10.010871982435,normal
0.7450946093331915,-0.053408116829325676,9.51079876849374,9.540089707051116,normal
0.1855455940532886,0.05717475436125018,9.715718417497238,9.717658179217043,normal
-0.0748667073789425,-0.3617309724508338,9.705189725922454,9.712217148337178,normal
0.3579237311544969,-0.00011142172299582153,9.886410493202694,9.89288743743942,normal
-0.010890665659361733,0.25680093924103814,9.816998392759114,9.820362659923951,normal
0.05457886340664231,-0.09611146437803293,10.011951664413756,10.01256172997066,normal
-0.36180334099457256,0.4877915065765778,10.02031197415992,10.038699829705825,normal
-0.05717472984005058,0.4306707521867153,9.895009825859011,9.904542680021512,normal
-0.4612045037962013,-0.4216877369069039,10.115565165356522,10.134850208875998,normal
0.10049016154271152,-0.24568750338361806,9.55837616906711,9.562061263727387,normal
0.1367999385750929,-0.01829244793749573,10.014461555603157,10.015412576898632,normal
0.21722798091943787,-0.050029899176107916,9.946308171074989,9.948805818815593,normal
-0.4556250347580216,0.26301005636702335,9.902297435863604,9.91626255049549,normal
-0.09138915128248785,0.09655621573511564,10.038286094775923,10.03916643951782,normal
0.1839979446533186,-0.08717363042887791,9.929591762279141,9.931678964354445,normal
0.17339036982980782,-0.14812860447065632,9.896596970093967,9.899224105569346,normal
0.045863852139944455,0.5059836004592336,9.868933985581316,9.882002879408038,normal
0.15521997107661123,-0.2198799307899237,9.350323709664009,9.354196592914333,normal
0.529298397396501,0.6927667100899624,9.963697831247691,10.001767692788375,normal
-0.5978979186287308,0.2699180899156055,9.69128365124033,9.713460583394692,normal
0.18709085862342575,0.3224192929970814,9.988029315523333,9.994983081407925,normal
-0.21985984439310885,-0.02850983064453315,9.618246302897749,9.620801063571898,normal
0.2912533444247058,0.17902663310952555,10.000171567928062,10.006013713462414,normal
-0.38509055643857215,-0.08639055001990177,9.563051136052218,9.571191414580555,normal
0.2528967357100864,0.45416338668325473,9.841003148602663,9.854722934286075,normal
0.41907565856462625,-0.4274845025737386,9.876686473438822,9.894811928589217,normal
0.16179286587289402,-0.28160992383817884,10.186744635806743,10.191920690222672,normal
0.6227643156592997,0.35758631919415373,10.148738641156093,10.174114181344155,normal
0.1790835637353801,0.17086896407578328,9.73350277605751,9.73664949647484,normal
-0.12576498932173902,0.4618401826428003,9.981496699997153,9.992967004793757,normal
0.05938385148833655,0.07983249776947339,10.01359149034686,10.014085789779552,normal
-0.10365145481451352,0.49859545645391656,9.616815139002673,9.630289428206853,normal
0.4086956994593144,0.4219663300611047,10.165592555370926,10.18255173128399,normal
0.5602232200834613,-0.3168248240200574,9.652734292478604,9.674167010478392,normal
-0.37766677416073346,0.13952011938006792,9.78132010609424,9.789602702556435,normal
0.06552637262699072,-0.0999880928948576,9.965166405882036,9.96588344408815,normal
0.07611381465126799,0.09681440083655907,9.447849955418063,9.448652555845367,normal
0.6775293732380474,-0.08662564916231963,9.762634474930064,9.786499984457473,normal
-0.07711279321173031,0.11550973037027454,10.220041294326448,10.220984929957824,normal
0.1595457978655842,0.15155455944973195,9.9648367583194,9.967266188181194,normal
0.38401669133762073,-0.3405649382332636,9.880356141296787,9.893679334567137,normal
0.2464047998867387,0.5516904215281221,9.523115921722795,9.542264642378312,normal
-0.20727614172955247,0.1971457057119729,10.389327428714008,10.393264850336498,normal
-0.15323055285620468,-0.07456038036574283,9.846532532913239,9.848006995040555,normal
0.02219331995511076,-0.35674666564263463,9.813388862552108,9.81989621607884,normal
-0.09888381132027589,-0.4119880631238179,9.788835265533718,9.798000205554922,normal
0.32861825643039533,0.09078100249532023,10.011174406979436,10.016977795514647,normal
-0.09245416932888227,-0.25328920334916555,9.948978566110537,9.952631697339475,normal
0.6280789002713897,0.3483359506173791,9.966255265452238,9.992100132385238,normal
-0.37788218898174747,-0.36415594747738084,9.741037806415438,9.755163865812182,normal
-0.24094443905100768,-0.21723920343183262,10.00688372840432,10.012141082107286,normal
-0.38982583118817,0.13559950410141092,9.569882156754966,9.578778413678394,normal
0.34359307451367477,-0.22926146197678668,9.80390231734667,9.812599944300027,normal
0.4009265279783518,-0.21425717877955888,10.062951770359748,10.073214310838509,normal
0.6906269533474725,-0.09033372497282427,9.721368772973786,9.746288349454234,normal
0.044875144766506586,0.13559314446712792,10.059234243358897,10.06024815013072,normal
0.2706368137820125,0.19446419821978964,9.607635484076559,9.61341355628948,normal
-0.41727778296571255,0.003356070075013616,9.769556432188716,9.778464342271901,normal
0.2787141508800312,-0.1650041609591266,10.264672335520702,10.269781210261426,normal
-0.20991918285424774,-0.07599482219233224,10.216191712920455,10.218630749345767,normal
-0.1359510577996354,-0.31346546460973884,9.788260550186363,9.7942221685009,normal
-0.1684713771334074,-0.038626814524433825,10.137028119325254,10.138501552384575,normal
-0.13043818312380306,-0.0006031432869972792,9.668310120522715,9.669189990376672,normal
-0.4242371951852924,0.8443213668222117,10.301063304675157,10.344310560650056,normal
0.26894730969738034,0.6088952551013305,10.101870935348737,10.123778073502102,normal
-0.03876774010687153,-0.219740141799183,9.488191478099912,9.490814832914964,normal
0.22250307555475002,0.2474278410814258,9.792870469533643,9.79852234718264,normal
0.10121134199640149,-0.05125216177819519,9.668967677035939,9.669633212247577,normal
0.05893568904572846,0.5119994549394172,9.59419435913635,9.60802697010085,normal
0.06985948857273858,0.13665608941808993,9.540838569586874,9.54207293232635,normal
0.045070528359691005,0.18233025916011864,9.720760710515133,9.722574991586677,normal
0.4867240216144604,-0.09235571779869699,9.866285022137113,9.878714996894779,normal
-0.4650483930122853,0.037726958721073685,9.740850408863011,9.752018253628545,normal
-0.10990865606205731,0.21147127031610305,9.803124544970558,9.806021153100307,normal
-0.2359930819938103,0.31535038647725555,9.434521422502296,9.442739701625532,normal
0.08144489038040376,-0.09460458656613578,9.923703607794526,9.924488732087035,normal
-0.28699237911932046,-0.008370740669481068,9.544792808021217,9.549110138804844,normal
0.2115486381548751,-0.3284104803148471,9.933570099244061,9.941248472223268,normal
-0.31108565609514965,0.2823875341091073,10.314891266590026,10.32344413683842,normal
0.470540273121059,-0.273366786776044,9.781510699494927,9.796636622488089,normal
0.1388471184674667,-0.08874761559349859,10.255770545081498,10.257094331970508,normal
-0.05516609498169737,0.15116380057608772,9.656750058408091,9.658090674828271,normal
0.11235078014472606,0.3962732285085743,9.494820468595265,9.503750359741534,normal
-0.19859051919416554,0.26629035847893157,9.796873265529053,9.802503482793083,normal
-0.17110776111764556,-0.0643720164957191,9.860546879642746,9.862241448476848,normal
0.5354113054736979,0.4191252840252783,9.602653563624227,9.626696563864645,normal
0.13536094318975225,-0.06332054666289301,9.649662146212544,9.650819219766692,normal
-0.15548029789605958,0.18678261346606984,10.249418567849016,10.252299393145679,normal
0.055200496134131964,0.39034526034611844,9.675854654634998,9.683882476293787,normal
0.4879920639137084,0.3868116824490177,9.395099565581503,9.41571321670916,rough
-0.00422678492508608,-0.135531866617904,10.74624184093082,10.747097303753788,rough
-1.9136950661105492,0.5310405100910612,11.087017758122489,11.26348949474971,rough
1.626254187075328,0.8126633833356334,10.87543018206872,11.026336930306721,rough
0.3322029991099143,-0.6062652882115526,9.671500684571013,9.696176665261698,rough
-0.005298152872987672,0.44613791604159403,10.924655290716643,10.933762405116408,rough
0.4478867283699873,-0.1868434368365296,9.09860414787574,9.111537215589939,rough
0.07178237818295431,-0.5236080601410228,10.902226276029495,10.915028899833944,rough
-0.16570231485221615,-0.4988863731729266,9.514149329393707,9.528661098627012,rough
-0.1375803287047965,1.936605631185864,11.084090657226778,11.252841215231346,rough
0.6320936625058557,-0.31090161052195325,10.966321004838758,10.988921630022345,rough
-0.008802314995584702,-0.02135153144426709,10.811993730229947,10.8120183958027,rough
0.7032944167774735,2.218355233688293,12.142738216551106,12.363729792226671,rough
0.204843249665578,-0.654739276199269,11.113111436647555,11.134266481456162,rough
-0.44220303490341095,0.046275007108725466,10.560158549811232,10.56951434539506,rough
-0.43303888234719734,0.4530554757760924,8.871012470664185,8.893123421635096,rough
-0.8337884406023197,0.1198747148204217,11.66193026818392,11.692313316487871,rough
0.48060113147069405,-1.8941193877654336,11.900667583548213,12.060039578574985,rough
-0.6565414123399715,0.10646884972919908,9.966017909169718,9.98818778397621,rough
1.0680978990712808,0.051849581339492294,10.280135305184132,10.335603678255993,rough
-1.9627210645614472,-0.4294349235042491,9.420454217078515,9.632322979783781,rough
-0.3383089632615797,0.08152070767350339,10.995443228881198,11.000948612731182,rough
0.6839578667852346,0.8978720329972131,10.980065760296386,11.037926284026769,rough
-0.2444157808005176,0.23527621147665512,8.705092865810938,8.711701083713995,rough
1.1190971264886975,-0.6321154747752813,10.593444845155428,10.671130307484571,rough
0.4153397679337665,2.2372290265501458,10.969904328206741,11.203414738822927,rough
-0.31237850291487956,-1.4291530817596054,11.987656044290388,12.076587112938745,rough
0.8345584470660825,-0.5496472493902034,12.783219149850652,12.82221867437301,rough
0.6065503166620666,-1.4807959982363503,11.276825231071035,11.389795756165075,rough
-0.17804634162483648,-0.25238140733981645,8.255365565184524,8.261141415650215,rough
-0.905720537505882,-0.05224304713916777,10.823049740535028,10.861006616061408,rough
0.2987335444372306,-0.4724548275469836,10.705778106487106,10.720361008845883,rough
1.2224186953539182,0.1454499627098262,9.347179341602418,9.427896096292221,rough
-0.7774406400556498,1.0655196179256332,11.611988341198417,11.686659883864273,rough
-0.346213622272588,0.31438819617093716,9.251405490843629,9.263217981141887,rough
1.0587464887914513,0.47929139026740436,10.454846670320272,10.519243473949045,rough
-0.20971371572223832,0.4118445846992452,9.721331229413407,9.73231096279175,rough
-0.7884947121707957,0.2517988106055157,10.057692966870013,10.091695316841971,rough
0.5005564429921124,-0.7397078376067123,10.120605613080283,10.159940079210598,rough
1.4717237509168632,-1.876178079273046,10.904200394951342,11.161881617246015,rough
-0.2743492399472864,-1.2651923843413893,8.549443570390418,8.646904916682336,rough
-0.9092499273776223,0.5317601246253687,10.908694203043762,10.959430344506888,rough
0.5375664657396236,0.10354106770155946,11.619854816153117,11.632743631932467,rough
-1.0894326963604286,0.02092543287536683,9.89100559856747,9.95084384484719,rough
-0.902831794617171,0.5025881354889399,10.21397600044781,10.266109575736554,rough
-0.626948849695416,0.5143138845095347,8.819295662814644,8.856498157854203,rough
0.461666680129788,-0.9034463561122634,9.717334491975334,9.770155631864219,rough
-2.167760646607699,-1.0703688389407917,8.867885186974748,9.191532155289599,rough
0.8569346215594132,0.6562801047627774,10.48419888797243,10.53961416960303,rough
-0.7352530450403079,-0.8292505668476547,10.724681566120985,10.781792440849223,rough
-0.19547478500158877,1.2616010158449982,11.455134455438039,11.526055392323789,rough
-0.38663665947259307,2.2688013967405243,10.100581130749912,10.359473290817496,rough
0.608956163922828,-0.9050982940056523,10.443838975731069,10.50065726906611,rough
-0.09456189752049705,-0.27707110459246365,11.165166541594223,11.169004174544742,rough
1.4934756147588502,-0.8074054730241698,10.233468437412641,10.373343205990508,rough
0.3899239000023722,0.4909027419503468,11.182461067699748,11.200020610716216,rough
-0.060834824945303324,-0.143546232882133,10.869242214292116,10.870360284270737,rough
2.3849419782281793,-0.1101148670668115,10.899110320434632,11.157539123860099,rough
-0.9272013348444365,-0.3791320248886991,11.544809352464945,11.588186501450327,rough
1.0501870134258031,1.3009172224978798,9.26629847969793,9.415920873595528,rough
0.2581269816576483,0.12391868664052193,11.633369108536243,11.636892291114657,rough
-0.8463702968416617,-0.5837806559248065,8.612129507126442,8.67328756476607,rough
0.5863553798570089,0.2101920811267696,9.602684954622607,9.622866084498476,rough
0.0530177317243723,-0.17726637945527718,9.068740955392256,9.070628245340629,rough
1.5173088828308825,-0.3066990094283419,11.757702422495573,11.859167626113566,rough
-0.4291636674662706,0.8987658960668375,9.60921887032665,9.660696087096815,rough
0.5534861692279824,-0.28577212237280986,10.067248035387582,10.086500664326913,rough
0.4982818486515608,1.4681306909164,9.830417083084765,9.951924062899147,rough
0.5254887842511319,0.03421490416195433,10.725338536939606,10.738258511229946,rough
-0.1354017703113703,-0.803520661228851,11.033083734386148,11.063133181083977,rough
-0.5041037419432824,-0.6480998037937514,10.819008516383239,10.850119778873031,rough
0.8484239120194458,-0.7590626811766533,11.06692424923368,11.125322989770584,rough
-0.015322077567583005,1.186952393699628,10.847557543412588,10.912313934661961,rough
-0.33613299090980797,-1.1284551795343842,11.683479673779694,11.742661272787323,rough
0.42893357151007905,-0.30466938910760755,11.316777489224837,11.329000846767274,rough
-0.047774715284972416,-0.4074765353912855,11.295524225867773,11.30297248901725,rough
0.19117310152713962,1.6164588069267063,9.479162784236385,9.617900671107522,rough
-0.30660077246048295,-0.7693013191511637,10.293498462641582,10.32675840492677,rough
0.7011718770313949,1.93890810162596,10.143348637409813,10.350774280590512,rough
0.32002534122585996,-0.8889131372765805,10.531898832538179,10.57418913219679,rough
-0.737537813336189,0.2382074507944678,8.94332473265964,8.976845887588599,rough
-0.6130675946641567,-0.8844105991862462,10.863615893987813,10.916784520896476,rough
0.21208072607880452,0.614817699938049,9.930464047366987,9.951738302155034,rough
-1.0937400748502968,-1.8042164669754257,10.469123214156191,10.679606981730315,rough
0.6249246918171839,0.8734845954345647,11.957108847959287,12.005247111611261,rough
0.7830828659938285,0.7279566405657345,11.49465255432181,11.544270309990743,rough
1.8296376247862853,-0.2671490152059091,10.432321323276069,10.594917207153609,rough
-0.3438528651318271,0.9141877286368114,10.266386969155068,10.312743349685693,rough
0.8553464970706225,-0.3425238024616382,9.688810580678494,9.732522317137079,rough
0.5409386595397478,-0.3286948401767318,9.220075522318732,9.241777294904075,rough
-0.3433581646955606,-1.2079079527097925,8.94450628709276,9.032227254189555,rough
1.6287565968650288,-1.0708512755516368,9.72466726139209,9.918100818754215,rough
0.7468627141704716,-0.2375186107561465,10.568021904798954,10.597042322487162,rough
-0.9959404598043717,-0.6656353559796069,9.346794422512541,9.423244335329366,rough
1.5935101542895937,1.3998794165885935,10.32403154701699,10.539666236490342,rough
0.110995651177572,-0.3319390678153822,11.28585782986809,11.291283830252315,rough
0.9169345982024872,-1.2024655812118348,10.116466514335018,10.228860506774035,rough
-0.01889667180012669,-1.3007416906731066,9.159336113104471,9.251255269577204,rough
-0.8489149673424985,0.41347525415022235,11.329786217247886,11.369066546384223,rough
-0.35701429541069163,0.195040147228252,9.473718280734563,9.482448941538395,rough
1.1066265880043245,1.999368477816022,9.686155055651824,9.952069959435164,rough
-0.8929643677137542,-0.7057490790178749,10.943058208079478,11.002090259126065,rough
-0.1556970077123071,-1.3980120799523297,9.909637728244268,10.00897593357809,rough
-0.23674765359440375,1.6150171894988377,10.79885531707436,10.92152032150123,rough
-0.20432005253489663,1.3418524106863856,10.352956260778024,10.441552466636157,rough
0.2878950322474427,-0.8795117754074142,10.682411533164084,10.72242233250258,rough
0.8704320529695431,0.2683066947346853,10.95633974789855,10.994135760152222,rough
-0.590584233563668,0.6007040436414944,11.612443442998378,11.642958292539626,rough
0.3861298459370757,-0.41911545279071394,10.17500230447959,10.190948234431195,rough
0.4367801460966253,-0.136044810707455,9.484015509980143,9.495042668681828,rough
0.1580202633014851,0.730344372581428,11.221003562510084,11.245856759537675,rough
0.5699687981433261,-0.5083330317320969,10.060427283263708,10.089373817231856,rough
1.3615595476029019,-0.13469093488069891,11.99726289866325,12.075028079025298,rough
-0.3716372381083637,1.8217798589005298,10.05773504319885,10.228148918070884,rough
0.2056442236210564,0.49534753047933616,9.725127622011804,9.73990585103766,rough
-0.24825063233216024,-0.8571966378854038,9.03614103697019,9.080102383369477,rough
0.9319423953731452,0.4609271145598684,10.04360895912066,10.097279403728466,rough
-0.31125372599557055,-0.22884361431694222,10.068787167158579,10.076195874401066,rough
0.25529046167665065,0.024719901368502387,9.216477259858245,9.220045410670757,rough
-0.7853314296112389,-0.40336423804717525,10.205485545055604,10.24360207022947,rough
0.3054958481932852,0.367856923196557,10.806765492309184,10.817339175368938,rough
0.9609057660634456,0.6852916189410632,9.814340126492574,9.88505116894835,rough
-0.39437785623396443,0.2234270394234885,11.498396976273705,11.507327515953195,rough
-0.9984446791159638,0.2086710760979525,11.010025286150409,11.057173788854286,rough
0.8840547411766728,0.4728458597267431,10.088120710933302,10.137816109538539,rough
0.2974231873205297,-0.1798913466084561,8.332004928854058,8.339252219677062,rough
1.9698698480321715,0.2709198856600463,11.682213248701954,11.8502274742209,rough
0.9434317020670794,1.6664976178537831,9.347968971476558,9.542106768343457,rough
-0.12623327841375157,-0.6186036019120438,9.307408817853986,9.32879757308217,rough
-0.5201622201912088,-0.12733612021279414,9.750130308825986,9.764825869513096,rough
0.27386350868424075,-0.9249329356830505,9.60136356155043,9.64969866876518,rough
0.26388174321358426,-0.2282976528949138,10.41722787408048,10.423070083868671,rough
0.4723838878733999,-0.056711429792108116,11.844749502057432,11.854301054481502,rough
1.6930605335472,0.647163618925435,12.882986676565926,13.00986627250607,rough
0.06266122787848931,-0.3535665743587699,11.130916701944253,11.136706980863085,rough
-0.06950948447584068,0.7892559241906453,11.770493884590374,11.79713027687164,rough
-0.030349079919976096,1.1567586813636708,9.079026410062259,9.152471374889418,rough
-0.14308231530294732,-0.17835797755851177,9.636199102666534,9.638911622343185,rough
0.8878499494914497,-0.38075149331799313,10.101713099861826,10.147800588521429,rough
0.38281150421669574,1.1703205316130088,10.537030962931874,10.608733020877688,rough
-1.9774960720180705,-0.1952589194197516,9.746579380824834,9.947081299918064,rough
1.1348454756169029,0.06962596431698452,10.880541387526696,10.939785323036123,rough
0.6068010824742671,0.16821087661088716,9.945904425509118,9.965817442340795,rough
-1.4666051068829495,0.35144220378540725,11.405133502892943,11.504412735161571,rough
2.0371884213419666,1.0721247799810711,8.983791750792419,9.274055338928335,rough
0.1334804868361564,0.4103687665028944,10.726624735131626,10.735301475656133,rough
0.5514617013091642,-0.9761676394911348,11.83234264082342,11.88534162900876,rough
-1.3341565947867489,-1.4016204498684512,7.952137520672641,8.184192376318633,rough
-0.23831451055930244,-0.08983193645831479,10.650623299220461,10.653667924459102,rough
-0.25642030486854867,-0.23185778984863906,11.199419233326834,11.204753481057644,rough
0.8029494473255179,-1.2397393346694408,12.346807002928568,12.434843167505287,rough
-0.8278085342737387,-0.9421732119399888,11.427483464429624,11.496100889454922,rough
-0.14872124852651322,0.3782098395889656,11.471477109237878,11.478673606314182,rough
0.09758198668115226,-1.1189828898812586,11.333932116436564,11.389453989193857,rough
0.6861511941540728,0.36954086916192563,10.304902124855328,10.334329766272598,rough
-0.8526271742723195,-1.1950629359006357,10.957108731412786,11.055016068331758,rough
1.353905212086213,0.31239011481800144,11.163900805319544,11.250036804302669,rough
-0.49629230194756097,-0.675638359180853,10.500475622005133,10.533887294332187,rough
-0.9978592146885449,-0.3695007326797735,11.11123658465569,11.162071144907687,rough
0.3645830132975139,-0.7868856498408183,11.431542278852175,11.464391334593184,rough
0.7881710447222955,0.15656678272320615,9.791574321678253,9.824492579779367,rough
1.481616679402579,0.210201774415185,9.300519930108038,9.420140324909605,rough
0.16272061583179465,0.06045189852159183,12.637876560904273,12.639068652377246,rough
1.3620396474453644,1.392767772185086,9.806160068805113,9.997786223133518,rough
-1.1047342051016615,0.25229455145722307,10.940671620484254,10.999199321399997,rough
-0.9067852595100837,0.18968093035346087,9.614877811997355,9.65940545281352,rough
1.1952168324257202,-0.627927193746295,9.894176193744828,9.985867933736495,rough
2.3203435005069353,-0.2548810599165951,12.064100828278383,12.28785933797731,rough
-0.04186068880192796,-0.017750222976144144,10.843125681565768,10.843221012868536,rough
-0.5657241964493925,-1.15141507793275,9.931468019679077,10.013983102344813,rough
1.065191191766911,1.1018107894984805,10.964502771871963,11.071085778967708,rough
-0.907305417711363,0.27740898267766223,9.822280685438898,9.867996591417361,rough
-0.33804139966637803,0.004453748052383066,10.27960398176675,10.285161634399088,rough
0.4347073875876613,-0.6519188854267554,9.243707280423518,9.276857928854689,rough
0.16435713336320226,-1.1143581310848314,9.776549327330976,9.841225739781503,rough
-0.10521085279019876,0.428675428917751,9.603525211918326,9.613663632708063,rough
-0.7171857117542448,1.9105300600916786,10.337555224647446,10.53705501923066,rough
-0.022933427348186302,-0.7692565252990634,11.161413342112237,11.187914431979097,rough
-0.2999768256753545,0.10654231071201213,10.539376053916289,10.544182517662438,rough
-0.5371448627930484,-0.706413696096539,9.536358603658519,9.577561293525068,rough
0.03149373212262108,-1.1465640504029042,9.229421425890328,9.300420465415677,rough
-1.3789786961336246,-1.5932718915932933,10.275749465790726,10.489572186158503,rough
0.4144951247103699,0.005023823907280968,9.719459921635424,9.728295463003404,rough
-0.7717120271306857,1.8330518982016504,9.255342739567581,9.46662494985331,rough
-0.7820806765744869,-0.33778805477322205,10.577827368910599,10.61207721424476,rough
-0.05853336950543571,1.9974314911461506,11.811278332112614,11.979125784288307,rough
-0.021422956788657414,-0.782467946936287,8.36141739397014,8.397976891326069,rough
-0.7294860177393105,-0.3109346956944476,10.108952578839808,10.140007518552231,rough
0.17221723085229312,-0.6784264418893516,11.779793168263371,11.800569829407454,rough
0.3347140988929384,-0.7226170219752442,9.809276904773583,9.841550806807355,rough
0.44850995639931973,0.809587988167165,10.693429937037358,10.733407553517226,rough
0.4782574126099708,0.0929745924105258,8.204261473453297,8.218715273833274,rough
1.0774590645263011,-0.6714594436516588,10.227487968650726,10.305983018086836,rough
0.356313193948594,-0.11519473074369485,10.454182124752036,10.460886808280547,rough
-0.8311308695964323,0.06958592089335268,11.4891938522486,11.519426899691222,rough
0.9106205760472366,-0.10226204960886838,9.520819904633752,9.564815681275885,rough
-0.24006943292925784,-0.46311180080282255,11.294585801696131,11.306625239413645,rough
1.5624493859278052,1.0591391053987977,9.664471385860816,9.84708235449941,rough
-0.9322656255117545,0.9290575346106517,11.344497611021222,11.42059075291615,rough
0.05475344810774058,-0.5528601174541871,9.203808958263211,9.22056134895036,rough
-0.1436508638458188,-1.2260609079537812,8.91351376938853,8.99858814691366,rough
-0.348109225581758,-0.06748641537920351,9.7411937641085,9.747645377171976,rough
-0.38271393204731313,-1.0244061277995333,11.179251630616589,11.23261077795808,rough
-1.8441019966511822,0.8222273452884954,9.779006080972444,9.985275655338167,rough
-0.6362503966619278,-1.3262750229010756,10.27526651276273,10.380025140235782,rough
-0.09998094155312405,-0.0556394632291006,9.737359952443832,9.738032182222403,rough
0.5040990089358556,0.5400947188082753,10.352564417661737,10.378892433103381,rough
0.790834779590659,0.4942436008536142,11.392412709663994,11.430518961661743,rough
0.6972730630807447,1.1459063269983234,10.410184409853,10.49624840035235,rough
-0.6840553571910939,1.016378964358066,9.206429472386706,9.287588576208679,rough
0.8552862011490918,-0.3474625648354894,10.73254024046037,10.772170845885208,rough
-0.3596988097240921,0.8578872930526003,8.93379223574294,8.982093160990866,rough
0.3550450740522063,-0.6319680294570231,9.37531085952459,9.403291674067345,rough
-0.5953844471454529,0.16375246448072792,10.508093641722956,10.526221045215829,rough
-0.5957184489723572,0.45707411540340914,10.4498978720675,10.476839349444026,rough
-0.044394846726791413,0.0777034824956039,10.180343630937925,10.180736966329412,rough
-0.7466885163719499,-0.0727626342501276,11.248390343006887,11.273381189779549,rough
-0.19328548864667147,1.4559073092018406,10.272365456203467,10.376825980949617,rough
-0.6174411668649288,1.6913160155698082,12.476403684127444,12.605650810187123,rough
1.1154558120499423,0.6008963416208246,10.841336713062427,10.915122528309269,rough
-1.0068278322301387,-0.13414564870758933,9.928701202583694,9.98052127441284,rough
-0.23154582772557913,-0.30395717159098784,12.246993164366668,12.2529525013583,rough
-0.9751117482090346,-0.6588713910677557,11.87476683064964,11.932939357667069,rough
1.2555963025807486,0.11415072585433249,11.07913972910822,11.150645254888692,rough
0.4471309614334614,-0.011556287446397386,9.222693292031348,9.2335329751581,rough
-1.5156088828608532,-0.18180245493214287,10.549395742712004,10.659262308188886,rough
0.035166449156971924,0.4829038116857386,9.71155304524618,9.723615342099732,rough
0.46885655698293827,1.26080895382639,8.326009195724588,8.433972659213751,rough
-0.4711363089430816,1.5875489893997834,11.654491708720514,11.771552922362622,rough
-0.31667619843135947,1.1558144174115343,10.658425543329296,10.725587435886375,rough
-0.17140221967676514,1.2778059933500554,9.754353569488474,9.839185964100079,rough
-0.36964705026800343,-1.3538795968763562,8.638507335051967,8.751767700433813,rough
0.17601959316601898,1.1532145308783688,8.904149005832465,8.980242545136218,rough
-0.4635539686647261,-1.996251672266066,9.46965422964111,9.688872702737385,rough
1.441098815852892,-0.15205710241531334,11.889780601578865,11.977761473377596,rough
0.206431316404412,-0.6091613571573192,10.205844159200895,10.226091455162194,rough
-0.8965460290053966,0.7924072828701814,10.640336785772213,10.707402626161416,rough
-0.6276619513873677,-0.7907571968173127,12.514519668135769,12.555176581541765,rough
-0.03639853979833465,0.09803530483981117,9.981991601267712,9.982539361428715,rough
1.3168845925069208,0.6310699527313243,11.489394723248509,11.581823061238378,rough
-1.1665947501209228,-0.5045794343160569,10.018399530422649,10.098706494780266,rough
-1.2836834591078907,1.1342526883179507,11.165669767725753,11.296307084443507,rough
-0.5222408038078451,-0.34212577986269677,11.912159850506388,11.928509454681455,rough
0.43157589976320865,-1.135800912747953,10.222061831619792,10.294020087415493,rough
1.2038485841866642,0.30284413626854306,9.984744613672643,10.061614730488607,rough
-1.021877686810738,-0.5353764953239194,11.696083788750201,11.752839571440267,rough
-1.826715748971742,-0.4592257968703149,10.272292113180693,10.44355131258361,rough
0.22003745688576648,-0.9467261915784668,9.445469024945957,9.495345810736277,rough
0.499202500241211,1.0987482629357541,9.718108271876485,9.792756469220787,rough
1.674380851984207,1.339331788114497,11.47041379495066,11.66909394527012,rough
-0.5799006791380737,-1.2426443379661556,10.537089649358368,10.625945041593214,rough
-0.6115483978946444,-0.12227923787401239,11.750251687523061,11.766790487432038,rough
-0.2583753110313426,-1.1658834816627668,9.559735470605325,9.634032611638506,rough
0.9333122625286192,-0.22043274572063565,10.354598195140188,10.398911777564644,rough
-0.8187994188727465,0.799512141731185,9.26553892061198,9.335944710766949,rough
-0.3318008331400877,-0.9192340942995618,9.519641110872781,9.569673452778542,rough
-0.5531352085500308,0.11122440658503618,10.932834516179001,10.947383248325274,rough
-0.7996471838463572,0.376128069780135,10.669102094883309,10.705636247068801,rough
0.5363041273800174,-0.06556519396993027,10.237618962235958,10.251866314366298,rough
0.13456205639153254,1.1574911712254434,8.559566417562662,8.638522443980317,rough
-0.5250128922953012,0.009498535853666635,9.581093289080314,9.59547171187115,rough
-0.2665017926731049,-0.7965983924187946,10.190533491734652,10.225094867553446,rough
-1.3592810452625184,-0.9052303724500906,11.91149677239372,12.0229298569842,rough
-0.06804184354804674,0.12516268055032195,10.183472070927909,10.184468508883747,rough
-0.07523117022798724,0.4833080916165183,11.08983059958622,11.100612107803547,rough
0.2924366917622651,-1.7876711479669005,10.34487976377518,10.5022771187456,rough
-0.44687526693929885,-0.32744997143097193,10.390397413430378,10.405156385033957,rough
0.4851985208573627,0.25223094819990804,10.242867615450399,10.257454608406247,rough
0.6097075043472516,-0.5604541013526039,9.124538679160517,9.162044430588441,rough
-0.13939650459448266,-1.3765927097562054,11.192136403189961,11.277338167389368,rough
-1.6468935308126007,-0.031098855164379397,12.169033403670559,12.280008119715344,rough
0.6191764522707773,-0.9848767471944515,8.55370312083148,8.632450333800545,rough
-0.3423076222669295,-0.4367968998964427,9.459735174150053,9.475998923864065,rough
-2.0824848561571874,0.5502568372402078,9.967566462702907,10.197642225115242,rough
0.2914227711926741,-1.8696558257304254,9.712223550205637,9.894838372981457,rough
0.6378874647014907,-0.30323595453911706,10.226456681041538,10.250817953264395,rough
-0.32853782706799883,-1.186289385829707,10.975899372462216,11.044708535998732,rough
-0.5102658605764925,0.8740790948393027,10.51494218500179,10.563540820503093,rough
0.3592559581462575,-1.01627018681562,11.551170904237527,11.601354196600388,rough
0.03945444198825268,-1.1634693247459227,9.922447065742315,9.990504156201307,rough
-1.2529809693613665,0.4588252641052226,11.926953042335429,12.00136203964522,rough
-0.07579607541288748,-0.29544740162247984,8.773399927729507,8.778700388101736,rough
0.05224209946754001,-0.07709963129454925,10.303073196622398,10.30349411049773,rough
0.6292509032744811,-0.046681913107565885,10.641571705587832,10.660261922929037,rough
-0.4085133453385395,1.0491953323437477,9.626211281360142,9.691833553673776,rough
-1.0971016927954387,-0.13101023236933157,11.231190256671335,11.285407852039251,rough
0.6129861205099252,0.0636708208353114,11.934253614392004,11.95015545045303,rough
0.010855260716371388,-1.7824247495998862,10.708880659002423,10.856209319713194,rough
-0.8152451904208434,-0.7812137712267593,9.949262015962956,10.013128099607131,rough
-2.098867480440683,0.32791993239821227,11.169750103205361,11.369964536029638,rough
-0.0680342971238579,-1.3544060897013064,12.197944090746846,12.273095964848928,rough
0.20241532053498382,0.928731463360194,10.56862500097758,10.611284017700722,rough
-0.5948896335518639,1.0191009804926447,10.643915137466633,10.709126478762863,rough
0.7996323607059973,0.043504494586336685,9.163044221002798,9.19797173019086,rough
0.016227431879848455,0.5170921772832254,10.611982913327504,10.624586062624173,rough
0.7843936176737989,1.049284143028598,10.575955888237454,10.656787203946747,rough
-0.18605377192376732,-0.22119408994761855,9.311443627020987,9.315928576940925,rough
1.5059229636772329,-1.3528391983093573,12.334891254840121,12.499900805116177,rough
-0.8707139127196446,0.7075352571877795,11.94434760919755,11.996924133598185,rough
-0.014846954138959931,0.25692745439370385,10.204592989543027,10.207837686361355,rough
0.3651561743022018,0.10401903439813515,10.584569308978992,10.591376985440947,rough
-0.07629059317677539,-1.2119175016144441,10.166765376570988,10.239027420002804,rough
-0.05216393610770781,1.0162237306909596,10.059999397364125,10.111331248753364,rough
-1.0601306887761774,-0.37422279362661276,10.338326302915743,10.399274519028442,rough
-0.8005140663583445,-0.9935055839147998,10.641987092109304,10.718197860849953,rough
-0.07600587779578721,0.33194093371814554,9.658271635621887,9.66427300237299,rough
0.5509122631352702,-0.4252355699080661,8.698763652687836,8.726558238899852,rough
0.6149652317216061,0.7375958138751616,11.77087617023536,11.809985420646683,rough
1.2722703276847371,1.0809504395241614,9.134185555413064,9.285497908035474,rough
0.8900670368310202,-0.03947997400454352,9.660471285188768,9.701468107990527,rough
-0.12643834946020158,-0.0876522084921935,11.434909050637662,11.435943973377226,rough
0.6819295976692687,-1.2520883721486353,10.948276381452406,11.040720492455,rough
0.9932157663751755,1.1404233985071892,9.136262719105801,9.260579871636626,rough
1.1963927805240895,-1.1779274169439773,11.04365342115495,11.170548311137905,rough
0.040162974371422064,1.9644529427451756,8.501841591294092,8.725938280335736,rough
0.11587131013424784,-0.2562726837443167,9.3444265221864,9.34865813245336,rough
-1.2851841964114792,1.57489323269747,10.626914039795517,10.819578971582267,rough
0.23391777810164252,0.068962051386374,12.740379512634865,12.742713345964022,rough
0.7555040205859229,-1.0998512764837238,11.341111087556904,11.41933710229322,rough
0.3752420592147014,0.10275558656557988,10.725591432358621,10.732645381612997,rough
-0.06689422291776595,0.0634020025738624,10.045858284175178,10.046281068968815,rough
1.6096546090230175,-0.18674335384743657,9.577379204899836,9.713498518814067,rough
-0.4126497302859997,-0.21490752525213122,9.26935853890278,9.281027570643511,rough
-0.4353175990971444,-1.5035023494446298,9.67382602736287,9.799639316554078,rough
-0.20979213469403604,0.2128679860901447,10.198489905048055,10.202868315461522,rough
1.1406218577825378,0.6780958422029724,11.052367640599194,11.131741223035524,rough
-0.5650149854022606,0.3855992008783953,9.064556537823435,9.090330791827366,rough
1.3665385087476503,-0.745108820131685,10.48708247270037,10.601958000244464,rough
-1.1323334677911518,-0.3364070591396166,11.636147612860094,11.69595143885219,rough
-0.6891086134688442,1.068682679890491,12.203549628626424,12.269620079277232,rough
-0.040087173276539,0.09639043191399878,10.633511689397329,10.634024118149043,rough
-0.977653336235542,0.8566643551568893,10.873958560800327,10.951376837879865,rough
-0.8890081123681681,-0.20793601836450543,9.83525574629239,9.87754161755683,rough
-1.768440036462677,0.3035457569432665,11.355448973224433,11.4963360064251,rough
0.8579122572070764,1.7540448696279,11.372518118402162,11.538927818437879,rough
-0.7933051811113242,-0.02180789682634791,9.711976031170424,9.744346418553215,rough
0.6884906472346876,1.6755328186241494,9.921277537707342,10.08529511605052,rough
0.5014342074730794,1.5779901837584482,10.68876195927354,10.816243410097394,rough
-0.40734545537066985,-0.7067882008365053,11.379164881410944,11.408368563435745,rough
-0.3984583729418972,0.5788892478787098,10.481423305682958,10.504956751419348,rough
-0.45069176399349137,-0.17005266648651052,10.502716226261711,10.513757135529229,rough
0.7187912615888277,1.1793813623157328,9.029039612141865,9.134065775608423,rough
1.049039613405032,1.3920718603327202,9.888085449535712,10.040546899055999,rough
-0.289736599591012,-0.4878560224444187,11.545575094751877,11.559509291675518,rough
-0.9342908275804005,0.6239582943958656,11.04110642711218,11.098119409993036,rough
-0.9398268826931923,-0.2803562825359072,9.73642814942544,9.78569912287897,rough
-0.5420981516793141,-1.0762184615614707,9.264964411630531,9.343001773083431,rough
-0.25337713676382884,1.066429252111786,10.594092521839224,10.650646350550003,rough
1.0077366925114022,1.0536666723850334,9.622144293247734,9.731978601394925,rough
0.6502703029166774,-0.6901736348283719,10.107733241357396,10.152116153369644,rough
-0.42168698246354314,-1.252447232407266,12.26561968996753,12.336606922491411,rough
-0.4077442998832965,0.6460831735272735,10.00636427692081,10.035487278834013,rough
-1.0386402156311048,-0.33009533738445096,12.298013050038973,12.346208381856272,rough
-0.38700895279933567,-0.542451726660938,10.56763123475854,10.588619349053424,rough
0.7750786762681386,0.23101890028334715,8.972910609820472,9.009286403401909,rough
-1.5250528751791173,-0.4697540830118615,11.604461634207281,11.71366659037157,rough
1.8462725976608423,-0.040104906209524574,9.696078460565564,9.870373266590219,rough
-0.11169828030281011,0.6358753246295087,8.524807094782824,8.549219258947268,rough
0.021521197950258884,-0.004061721056968967,8.811655650947856,8.811682868239211,rough
-0.11346776943075904,0.266027154562481,8.87738629224331,8.882096191968067,rough
0.9530649582925292,1.9199775380219055,9.474509335789092,9.713957675180001,rough
-0.07911173251182681,0.09876933329829002,10.921760695633232,10.922493796752649,rough
-0.7853520652022228,-0.04214476684975236,10.915838650867148,10.944134844721868,rough
-0.27809262865451406,0.41655938738743026,9.994292427314255,10.006834582224473,rough
-1.105330463690969,-0.1831382185634616,9.669557560707918,9.734250790939463,rough
0.0027356303119485345,-0.5502594202602568,8.896645537588075,8.91364654531153,rough
-0.0005542258124728341,0.45684154695351087,11.190632712773814,11.199953795368646,rough
0.6858403607312898,1.2604317472312647,10.904550824368908,10.99855871789941,rough
1.1213367842404802,0.053875553251801114,10.560008235033145,10.619513768666474,rough
1.2810234453779235,0.9513773011493168,10.753797916551312,10.8715366653833,rough
-0.9755131814315035,-0.7311912833373488,11.293680188640383,11.359290420764117,rough
0.7595037680964494,0.4234613612957631,12.034035237385117,12.065412118650976,rough
-0.5068134787756445,0.7130331349029085,9.092307571116908,9.134294341739157,rough
-0.9494551161146552,0.8394701131818096,10.430127277435508,10.506842061816005,rough
1.0186284997281294,1.3729444196270955,10.65427047149161,10.790554187785798,rough
-0.030240291712683384,-0.182846477620497,11.584212415171246,11.585694825491855,rough
-0.015151530408667752,-0.6236377209907059,10.448563657337942,10.467169439603023,rough
0.5935222818461108,0.29391491906501077,9.561020731429805,9.58393301862692,rough
0.5285172861769244,0.38909091066026785,12.704445151197076,12.721385492874633,rough
1.0320013982324956,-0.8091153137633369,9.988582205130948,10.074297441786142,rough
-1.0883362037817523,-0.23687053231605507,12.119108886630343,12.170184203517394,rough
-0.15652463289664365,-0.8624894013227502,9.554072006378465,9.594200322651291,rough
-0.008478216180356588,-0.9505408207956351,9.859946749582223,9.905662503676647,rough
1.6371114068470995,-1.0476721710814902,9.640861947637626,9.834834509532667,rough
-0.9926039219121048,0.6118906897107512,11.677845995845788,11.735917512689047,rough
-0.24856323510392633,-0.8727168167151375,9.718080274003057,9.760353607118446,rough
-0.4974963153724729,-1.0811697985938769,11.45215023541773,11.51382541694024,rough
1.6587827307441452,0.34646975223962595,9.263281483570239,9.417005112077154,rough
0.649779513915706,0.6451594496477753,10.719321752826952,10.758359678538518,rough
1.071235869545218,0.03718899267521046,9.162466953188055,9.224951489175414,rough
-1.4458641050164027,1.3178766567505884,8.562606261638784,8.783253832403952,rough
-0.31284454104678044,-0.41415222985213473,8.924692285832652,8.939772154431852,rough
-1.0847306045788283,-2.1824914941124067,11.230266183352368,11.491683434350719,rough
-0.6930666937646206,1.4566371666060318,8.515571061042738,8.667011236453568,rough
-0.8044955309043283,0.886221505443857,9.678561963654907,9.752290156689543,rough
-0.7073198970418808,0.6348602048331422,10.266787028599,10.310686922171616,rough
-0.334708895199489,0.6314490732195401,10.252583733442505,10.277462293185286,rough
0.08835651642223301,-0.7365087626185636,10.096221166744913,10.123434885414941,rough
0.3272238237685381,-0.20052930889427972,10.004253897869756,10.011612431951685,rough
-0.8408316746248876,-0.1936811438714268,10.97899377425632,11.01284770555295,rough
0.07193055050393961,1.307783709674475,10.683836073183402,10.763820208180768,rough
0.20093991280361656,1.0130302959156396,9.879762364015898,9.933595099379955,rough
-0.8895025296315036,0.2256939587935551,9.200924407174098,9.24657571535478,rough
-0.27282489917128455,-1.123585851109106,12.134203194619316,12.18916591726973,rough
-0.46798742501302243,-0.6388734232327238,10.38419010181378,10.41434470101171,rough
-0.543347178586678,1.445092253116835,11.381280435055817,11.485515317907192,rough
-0.9750203676164289,-0.15628963356205924,12.770468347288004,12.808589031423821,rough
-0.44851770621823817,-0.9016883530987964,11.09213247193169,11.137756183082242,rough
1.1126862114477654,0.16867962128861017,9.70302542980364,9.768071760137728,rough
-0.31231201233640615,-0.22881426036205843,11.370375600935725,11.376965151794616,rough
0.5152970738514047,-1.4214423887925358,10.277547946331335,10.388167371009937,rough
-0.3748534090255846,1.1331257874105742,9.582010970256821,9.656056304852152,rough
-0.20879559390561614,0.47589320863942497,11.184396670190454,11.196463674849788,rough
-0.6159518099980859,-0.15431287516759892,9.820250531412457,9.840758588411214,rough
-0.08000078884113514,-0.05177332488124924,10.566072210558735,10.566501907543765,rough
0.03042236135475214,0.1277131234060465,9.72918588918076,9.730071645583836,rough
0.8239228876382303,0.1126225144226743,11.95322012705877,11.9821118406336,rough
1.077992712804851,-0.7049664979366724,9.580323505746833,9.666521842257366,rough
0.057240481440813486,0.9129461153367768,9.25886225986966,9.303938812646116,rough
-0.6099405161744823,0.013000273284398504,10.572064940342415,10.589653136113284,rough
0.5926640396877964,-0.3536018522587263,10.331013784703321,10.354039344796305,rough
0.1461661197797964,-0.6658881269675199,11.242581154327652,11.263232331078457,rough
0.13616177904093849,-0.5084792368431386,8.482530955904748,8.498848309168395,rough
1.1982793218201,0.5992145193099359,11.571048920796652,11.648352007933262,rough
-0.040959871932263345,0.8708629071620293,9.682120809456185,9.721293292720054,rough
0.1576777681275735,0.7210326582784523,8.853606658792872,8.884317713898309,rough
-0.9430829166094,-1.4615465495306201,10.127908843430586,10.276189042874057,rough
0.8031096680898493,0.875793554947856,10.446474185413273,10.513839564896047,rough
-0.10974303964774304,0.11569832527677555,10.990217271512664,10.99137413212189,rough
-0.09962087600793425,1.0463226874628149,8.02348321593866,8.092033020303697,rough
0.04903873839756806,-0.1784036166772557,11.856036377609009,11.857479969854273,rough
-0.9679675337064512,-0.6387308204034993,11.95642967942251,12.012541316733047,rough
0.6332262885640292,0.3001004525333932,10.819067139480218,10.841736465286361,rough
0.16375968313332917,0.5366347816087665,10.142047462046476,10.157554865471099,rough
-1.2261043877871245,-1.5751102288672658,11.261423449026802,11.43695598929732,rough
-0.37411302664436374,0.9812314050283295,11.206990748752593,11.256083567100285,rough
0.45289942865337657,-0.3486034194230314,11.816020021849852,11.829833954593976,rough
-0.604821694771525,-0.9678860916089005,8.355683675580039,8.433271159825884,rough
-0.41912937042594767,-1.0685410242800821,11.546694006050481,11.603602536242152,rough
0.158157751510309,-0.7329360563517238,11.645653051961444,11.669766242034248,rough
0.3725303965100805,-0.5175597603907006,9.451471352148982,9.472959290654243,rough
-0.39223533213124834,1.524361822771426,9.469604802896987,9.599528251197807,rough
0.7001225104158589,-0.07548212344634989,11.167933067344427,11.190111620410052,rough
-1.0367207949646646,-0.5638492625864426,10.880753050395857,10.944564995527697,rough
0.05463440579353726,0.3900260832836947,11.990590515219978,11.997056562658248,rough
-0.2707717836298022,0.31554052440363467,10.878645921932641,10.886589010159824,rough
-0.09159326066251647,0.6730864895005839,10.877013364159257,10.898204185637471,rough
0.8634484970241287,0.14734038234843988,8.265411835309774,8.311695693573165,rough
-1.0193877856767253,-0.7459793197417004,12.661060174414777,12.72391768848027,rough
0.011577152059303548,0.055249306894600496,9.250111004084893,9.250283244542004,rough
-0.7608775929522525,0.031238214825587335,10.029856562237102,10.058724233051276,rough
-0.5342714532118812,-0.7987474811320383,10.339307339156441,10.383868247327976,rough
-0.49204535256142584,-0.3861041989570984,10.807614377742501,10.825696911488702,rough
0.6693233643962095,-0.966195024971589,10.218522467714706,10.285899475281527,rough
-0.3806466103683152,0.2401530938781452,10.675801571549163,10.685284485944946,rough
0.7879858615348236,0.22576064660707693,10.221236774064877,10.254051432435444,rough
-0.4886489421968476,-0.7386821790944861,12.004595475946779,12.037223171958878,rough
0.9205602190882589,0.5365588123097151,10.859940287170318,10.912086396145328,rough
0.7418417401820643,0.13598843873381009,10.995354810553193,11.021190926252066,rough
-0.07649384952996927,0.0362298669375151,11.61378199681375,11.61409041560248,rough
-0.6944704968118557,-0.04263859174835385,10.63858161663903,10.661309775742298,rough
0.40637008465199687,0.9467236013369407,11.573894335645514,11.619658011994835,rough
-0.11169945938995066,0.45732354872055736,10.859813494114354,10.87001245281672,rough
0.6295371182347984,-0.49720780195036174,10.632464221881097,10.66268390280502,rough
-0.1082122139062473,0.0756470715686659,10.931426790605123,10.932224112276277,rough
0.8895590818276077,0.45717972052792044,13.198228737778974,13.236070809407856,rough
-1.4815982905324094,-0.4455584376164101,11.046300577813811,11.154120865009912,rough
2.218041417728857,0.19285538538725047,9.810040850692557,10.059513031091031,rough
1.871409784083744,0.7204950933002787,10.29785146826095,10.49128364985898,rough
0.023497652312694264,-0.5784539458029201,9.934794760800825,9.951648508981549,rough
2.074965064827681,1.044970071940142,10.635957900736836,10.886737019775587,rough
0.0609817447896867,-0.572666671616978,10.427460094298699,10.443351469148698,rough
-0.7025241867441179,-0.6596239505316605,10.82909652070445,10.871889230663118,rough
0.36596515875111496,0.31792173179408856,11.556440905247392,11.566604130921133,rough
-2.082229338680552,-0.9983618766135122,11.584281706770144,11.81219658308084,rough
-0.37631338436533307,0.2962573094625863,10.891013977578124,10.901539598445009,rough
0.45925547063990246,0.21847468234595302,12.494716995548853,12.50506295757827,rough
0.19889322165378143,0.4251039959471916,9.240288728625648,9.25220015506346,rough
-0.6435421786590889,0.25206130261551835,12.038270951680984,12.058094747599046,rough
-0.389622246700539,0.8970033323475397,10.79282232711983,10.837039921405792,rough
0.2960247871515953,0.2910064831783422,10.570764551679268,10.578911978785861,rough
0.2530829660869147,-0.11495631943200224,10.456810358279263,10.460504233167596,rough
0.4289685367210293,-0.3144194534761194,9.866170392048097,9.880495524170199,rough
0.16234066308707484,-0.3445324813359685,10.832415388146813,10.839108831585138,rough
-1.2540309681676014,-0.24733104067665282,10.521205419865868,10.59856262895212,rough
1.1502763266700433,0.4176107565762191,10.790063598168496,10.85923601475843,rough
0.2949777114251983,-0.09284420547426804,9.687363942198704,9.69229859452026,rough
-0.15641344910517532,-1.1250208564003457,9.385308729297162,9.453790617451723,rough
1.3715903647382497,-0.6072446220788664,11.49860559340644,11.596031077588762,rough
-0.2875011412848819,0.818642578181907,12.338461549512225,12.368931481168616,rough
-0.7065987094669405,0.12489418446752076,9.930248108081491,9.95613920059328,rough
-0.9660316277996238,0.6579259350895272,11.114236699806275,11.1755241962645,rough
-0.018272916247231256,1.9992996599552062,9.437359687205705,9.646828022488041,rough
0.8763417385117109,-0.36142857573066545,8.889498019400914,8.939898237393153,rough
0.09397202054088673,0.7958594813790266,10.313201751935377,10.34429086167188,rough
-0.04156206339988075,1.2983556086272126,11.142920345180299,11.218383507021,rough
0.8482917672117196,-0.8874146933912774,8.47764145221449,8.566067262908419,rough
0.47663524268794916,-0.5458891821487596,10.04790297233787,10.074002694821727,rough
-0.6384736166372456,1.0028756496372147,9.597010195401362,9.670367770587362,rough
1.2419011281511816,0.04684733278370861,10.963487915934673,11.033702024594362,rough
-2.4887890514952655,-0.37560435859661023,12.571950626958976,12.821430970985013,speed_bump
-0.36527749960035005,-1.5677619209915488,14.727716674751465,14.815429239288942,speed_bump
-0.5063618509987878,-2.045964566611015,13.17262394708624,13.340179720803038,speed_bump
1.2127024873919636,0.7807340553633029,14.638759167133365,14.709638436802647,speed_bump
1.854199577956797,-0.172004757010637,14.44483319120822,14.564369112088588,speed_bump
0.4833907023073873,-0.6542240889708087,14.711104105407323,14.733575931517748,speed_bump
1.0076775116602352,-0.6032743375841771,13.540599438378933,13.591438005028065,speed_bump
-0.34079119616624093,-1.0815734439261822,16.176280323270532,16.215979305950665,speed_bump
0.922152180998232,0.5672601979823676,14.684358370923992,14.724215753066792,speed_bump
0.7838662112641238,-2.3078507953702947,14.734385763464598,14.934615674915811,speed_bump
0.7738367755286039,1.4102278417229743,12.42427690311302,12.52797758961752,speed_bump
-0.8660628323030887,0.02791919139499122,14.43256455068247,14.458553310077786,speed_bump
2.3400787756564987,0.5005396047128833,18.50723512006968,18.661303822662145,speed_bump
1.0851010653988395,2.4521284404595423,11.14789338555304,11.465858238540083,speed_bump
1.1720413098392881,-0.5198079563476203,12.420175911132485,12.486178390801877,speed_bump
0.7070031960855906,1.1559685611355675,14.251932430625379,14.316203925647347,speed_bump
-1.2545854270625807,1.1689740252868361,13.924447839513743,14.029637646815118,speed_bump
1.296961761409966,-0.46435390639371243,16.938935547822567,16.994860159890393,speed_bump
1.653807606284583,-0.8320953958159382,20.522081889027287,20.60541936982319,speed_bump
1.0530919304441604,-0.06541413835140687,13.398657877034728,13.440138188623196,speed_bump
-0.9506961825978535,0.9698464530718895,14.099686288110355,14.16494189177172,speed_bump
0.3099055806191593,-0.5584609129500364,13.80481075444956,13.819577418516028,speed_bump
-1.3900172913291076,-0.7457949076368805,18.733486900991554,18.799784296211303,speed_bump
1.384324835806898,0.09549768882276866,17.563142021118214,17.617872536534332,speed_bump
1.590522686901829,1.2207753854809438,12.561767925066116,12.72077310396524,speed_bump
0.2957572682581416,0.9816987595702352,13.531995591803724,13.570781462865899,speed_bump
0.8926320222889846,1.0845258167134695,16.032796942862838,16.094209082319196,speed_bump
-1.2546601394404204,0.6893511133610579,12.958366322428448,13.037201953227562,speed_bump
-0.056445155736185325,-0.19244165268537047,11.985822257625223,11.987499949392223,speed_bump
-1.0377006062252359,-0.6758600081492512,14.077746848590843,14.132111152682926,speed_bump
0.37870407517763466,-0.6538093292841157,14.360940034688166,14.380802553944076,speed_bump
0.42506232341293554,-0.6421961535127526,14.040072271401492,14.06117787614355,speed_bump
-0.28124126413456324,-0.29951202046044045,14.055735941490303,14.061739471201797,speed_bump
0.815985051627732,0.5669776508678606,15.367024983342882,15.399115302501889,speed_bump
-1.2929667356744237,-0.618070174537268,11.400682550565968,11.49040192243041,speed_bump
0.23301664253801124,1.121475628257938,13.740787562377115,13.788446147947703,speed_bump
0.5415826926403339,1.0566586428597098,10.649574332645033,10.715562176900919,speed_bump
-1.2796721947583811,-0.5676749488804209,16.03412346263758,16.09512134122415,speed_bump
2.5617033226687047,0.3014285928181479,14.118935762968707,14.352614054198524,speed_bump
0.13622396982456964,-0.22854206891840506,14.986617522360309,14.988979058252678,speed_bump
1.1382033751890082,0.37927391322720855,14.935759569755453,14.983866975853994,speed_bump
-1.259808968459692,0.358679975371772,12.261259953075362,12.331028570181557,speed_bump
-0.34673040349149836,-0.2441303511663211,12.870552639393141,12.877536520796815,speed_bump
0.010423172816647884,-0.9032841800602666,13.12716074810486,13.158205814588236,speed_bump
0.8483432727356308,2.3750591101892677,17.217751778051596,17.401481786787233,speed_bump
1.0926945649991313,-0.38556492614148297,14.292880839682562,14.339772816262258,speed_bump
0.15988739174658315,-0.40267535658938713,12.384888632028442,12.392464559101683,speed_bump
0.06028348850874423,-0.39602963291421117,13.296413890580947,13.302446989887496,speed_bump
1.4755710920657927,0.45167993779249827,12.988388319013245,13.07973837427279,speed_bump
-2.2634762280998175,0.32618576812566885,16.27893997952612,16.43878367299462,speed_bump
0.9595963673861506,-2.3137114747440366,13.231709168347576,13.466707596602676,speed_bump
1.2255009333289542,0.13689938138102703,11.467422966584522,11.533533000462729,speed_bump
1.5185122487651068,-2.3729734609843955,15.30143151225473,15.55862104495151,speed_bump
-0.9340384526923491,-0.44848642986220344,10.88783257758943,10.937022727712334,speed_bump
-1.807327255533142,1.520829980452223,12.879339933563893,13.09414956239346,speed_bump
1.533686394412563,2.071201015971589,14.718756889260698,14.942686236755666,speed_bump
0.9441420290978204,-0.05422846147979907,15.882065703897979,15.910196602181754,speed_bump
-1.540535236504516,2.173040471382143,9.798992530351537,10.154585580665612,speed_bump
-0.5344468989080078,2.0718690830123525,15.425337224854832,15.573031287626279,speed_bump
0.21732079096940035,-0.5174863906956325,13.35088086515894,13.362673398927697,speed_bump
0.7720203478216398,0.7374481631745115,10.15364217735182,10.209617753692736,speed_bump
-0.5108733535965123,-0.8475883627377641,11.939207803721882,11.98015361322704,speed_bump
-2.29872889132963,-0.30458030271950653,14.336500662778683,14.522815668130331,speed_bump
-0.8161626779225076,1.0996921762622005,14.329267907368083,14.394560193368008,speed_bump
0.45421101124674856,0.0354863566222131,18.237282060596307,18.242971903776862,speed_bump
-1.4020796533925932,1.3171039616930285,14.159731250520238,14.289806831700853,speed_bump
-0.03272117305035571,1.127623450004104,13.066375537991236,13.114982844822205,speed_bump
-1.1444055404017839,-0.010258306690734438,14.135065110488505,14.181319929805824,speed_bump
-0.5965107083428945,-0.35364858604603827,14.790483755973417,14.806731647574816,speed_bump
1.0928142659869344,-0.8095833953031268,11.861986622655253,11.93969827633627,speed_bump
0.1601625968345417,1.0524635289922872,14.883464923937229,14.921489861248894,speed_bump
-1.2143854432896808,-0.3144145181738251,13.775193162097864,13.832191986349095,speed_bump
1.6963142540574234,0.017457049596641697,12.16610643966227,12.283807744274199,speed_bump
2.3357064027009007,0.1554528248671678,11.955204081819955,12.182224534884494,speed_bump
-0.09731846895618754,-0.3370476835231287,13.525786532394672,13.530335300548815,speed_bump
-0.18277446066655942,-0.19487578359293792,14.054865149302435,14.057404363522416,speed_bump
-0.20115842215560678,0.10254462443826189,11.922252845056777,11.924390676771276,speed_bump
0.17906679153141117,1.5053514032537636,13.570578784230493,13.654990161187015,speed_bump
-1.3961430917928557,-0.3254856789017379,13.43727323917058,13.513529093618025,speed_bump
1.8427814505751987,0.03753538180116063,11.602333718171366,11.747825334387942,speed_bump
3.132690493013135,0.42684460163308224,14.99151553061057,15.321275532523266,speed_bump
1.8132570679941005,1.045799225137454,18.810268376936506,18.926378249055105,speed_bump
0.3209438493493217,0.7869901352318975,14.816762319157082,14.841118692665344,speed_bump
-2.4644830055181766,-0.7612923108150352,15.33666224917749,15.552056179564808,speed_bump
-0.2745906035315309,1.747941981566326,19.4590155503918,19.539293420204828,speed_bump
0.25329350340492734,-0.6413823171471208,14.606873399596335,14.623141912306368,speed_bump
0.2621845756149851,0.46795775506931886,12.339441359765171,12.351094618830482,speed_bump
-0.8410346497510036,-0.5000407562150827,13.976329776349107,14.010537964590105,speed_bump
0.7369302456503951,0.2705428182533976,15.504379980622847,15.524240985858258,speed_bump
-0.842144934495054,0.4907123333886514,14.647679537808516,14.680072292981725,speed_bump
0.6789465043345247,0.017551533086703285,11.36232064888615,11.382601062154746,speed_bump
-0.25306835089622753,1.5153207785596245,14.06335019990516,14.147015922000385,speed_bump
0.04706004471433204,2.238378270847385,14.025862990062635,14.203428619429149,speed_bump
0.6613534379088294,0.5255963018455168,12.642395148270094,12.670587789339164,speed_bump
-1.5950694926850455,1.4731070738641867,17.732699997476676,17.865131970911172,speed_bump
2.3531322313469585,0.4242163845377945,9.329437515772963,9.630970626049393,speed_bump
1.6808244919650297,2.044990718420393,14.200648129716885,14.445260998515975,speed_bump
-1.3428472894860122,0.5503616146946658,12.192611009985773,12.278676638410001,speed_bump
0.08210751550338762,1.8510322221324358,13.379918397969396,13.50760075912057,speed_bump
0.7237402217028327,0.48893259330096034,13.109023934998055,13.13808827484632,speed_bump
-0.563457023572778,0.20128998974884016,11.909472032750184,11.924492675843505,speed_bump
-2.272132733813274,-0.2930877032184949,14.364459706307155,14.546002551077926,speed_bump
-0.935285268326049,0.20233431356159332,9.494483423423143,9.542584198488846,speed_bump
1.9603066761041468,0.3520081071759937,11.367197283101126,11.540359008490062,speed_bump
-0.2987296522449178,-2.338394503084664,11.419095413635375,11.659891437011556,speed_bump
2.506942499240958,0.5255017229535225,14.155583911524316,14.385460320460158,speed_bump
0.5471791545569388,-1.2053185929266517,10.075924497569265,10.162502271505417,speed_bump
1.4152590701101484,1.3749060906891175,12.793407024496343,12.944674128311437,speed_bump
1.5635256484018416,0.08884904375054536,13.378075843623472,13.469425373174897,speed_bump
0.40262502147255647,-0.12620900858759088,11.308330958948918,11.316200099807665,speed_bump
0.8039902224292892,1.0677498018955398,15.437842011108495,15.495594724861522,speed_bump
0.17397307290528904,-0.705616288109509,15.194013829956532,15.2113844616804,speed_bump
0.4641574925931713,-1.063571979040158,10.170016754896928,10.23600841770922,speed_bump
-1.4639993058851042,-0.7990790062426046,12.043472684801896,12.158415009178587,speed_bump
-0.2459460544887694,0.5855795799546017,10.793948273296767,10.81261819508969,speed_bump
2.6166543257167985,-0.3205252043594195,14.996034268829382,15.22598634108238,speed_bump
-0.2633626112057827,-0.4448880153046118,11.637195530592573,11.648673960086038,speed_bump
-0.774620599980454,0.5836998367767997,16.39827172853763,16.426930883653338,speed_bump
-0.8995156635011384,-1.7985481442903941,13.84478009130315,13.990062174013323,speed_bump
0.7593589751666562,-1.21704467617414,15.731423586788845,15.796693067346292,speed_bump
-1.4149353425903262,-0.5833447601652232,15.942469460283391,16.01576303599026,speed_bump
-2.2321040411364836,-1.6811460487176317,15.910586241941939,16.154110778679488,speed_bump
0.06164427348072306,-0.021753847122175183,13.86435164452798,13.864505752800685,speed_bump
1.8173876664304014,0.913566653973227,13.239982130763087,13.39532115271116,speed_bump
-0.802893579113418,2.585565527836114,14.161281830548205,14.41775607653045,speed_bump
0.5286452172443309,1.4488893796896343,14.313125880262298,14.395982726598664,speed_bump
2.0476877741830077,0.804639548857175,12.004825448154444,12.204765629244184,speed_bump
1.6523699629168627,-0.5064986546824056,13.204602661371995,13.31722188845171,speed_bump
0.3315794013980858,-0.23158734951249532,15.95813743008674,15.963261816979047,speed_bump
-1.3871849027151046,-0.5049702037277227,12.285726321979205,12.37409989128689,speed_bump
-0.6481187116153792,0.6417978215310424,14.01700207293935,14.046647622150063,speed_bump
0.675337646472407,-1.5582836325513794,11.981021386044377,12.100793456177703,speed_bump
0.5615681786342027,0.2827331093579051,13.360937837695472,13.375722662089862,speed_bump
0.5334721524199496,-4.091642200968949e-05,15.027609334700564,15.037075342481373,speed_bump
-2.2295966949803616,-0.622329659109613,13.582946014275334,13.778781442986642,speed_bump
-0.7754646809550085,-1.0786643790907533,15.443130547172183,15.500165915600082,speed_bump
0.4328781437944289,0.5890556638556952,14.622816446023696,14.641076834597804,speed_bump
2.2634942899854327,0.3452122919718947,15.562000259441525,15.729540044202922,speed_bump
-0.647036542488355,-2.038480401862732,13.48487188346279,13.653418192873865,speed_bump
1.9484069366372747,-1.0916207180750852,13.706400229006327,13.887164311715035,speed_bump
-1.2362993119550227,-1.3765164236944718,15.565955582188279,15.675528911016032,speed_bump
-0.7154413797005414,-0.6981834334479317,14.847285520511894,14.880900638137838,speed_bump
0.23911735479891888,0.33583520398877703,13.851144031632767,13.85727799312117,speed_bump
-0.35003723796376,0.4966355954713471,11.468362099255636,11.484446099934189,speed_bump
-2.7527973704229405,-0.09529011286008157,13.876701399523697,14.147431402899937,speed_bump
0.5366330847678129,0.34727448997821947,15.965228856152399,15.978019497684258,speed_bump
-1.422625904817081,-0.012941455238314473,15.817230698256814,15.881083681795712,speed_bump
-0.4148305806676847,-1.4729473961147452,10.623874034255053,10.733515637390065,speed_bump
0.39894136412566245,0.9362917405752882,16.52339562870443,16.554709285824643,speed_bump
-1.697738461572307,2.532224980377315,15.89241327196452,16.182190174449897,speed_bump
0.12332956650702596,-0.9210813375854864,13.740917846241882,13.77230642519951,speed_bump
0.8602645729893471,-0.6751829483457982,12.976985088424506,13.0229823440896,speed_bump
0.9887399429988076,0.05133805040220526,15.35531111455061,15.387196680842871,speed_bump
-1.1403955425539158,-2.091472866079063,14.827261454333986,15.017404668523792,speed_bump
0.9663640362402389,1.82487482730701,12.417142094388161,12.587670371363549,speed_bump
-0.8266464228956724,1.8190514715987014,13.033843200485062,13.186104850927066,speed_bump
1.077603365735878,-1.1062032274128826,14.69901833724131,14.779920658540094,speed_bump
-0.10979222494851588,-1.4887495320315116,12.445034127570324,12.534245248046378,speed_bump
-0.5780721907253998,-0.38109225958443577,10.077725942172867,10.101483006645571,speed_bump
1.4201145626150213,1.0037094843827605,12.728106228800346,12.846355369193914,speed_bump
-1.9838421318065178,-2.1163618832820044,15.473876697228897,15.743426477929862,speed_bump
-0.8257654114112617,-2.014895371729978,15.839921960866489,15.988896759940712,speed_bump
0.5252026951403543,1.286533606858518,14.09479080363479,14.163125869340671,speed_bump
-0.1193059577968526,1.1033708485866158,13.773184745545944,13.817824690450232,speed_bump
1.2033692240870935,-1.8693140305378664,16.26133263052546,16.412597946542093,speed_bump
0.5286292845560189,0.8124374116906135,12.239779949407605,12.278099066155363,speed_bump
-0.34217862262924237,0.275321967256481,16.71435533427556,16.72012448027419,speed_bump
1.042546238172272,-0.32988318601168193,12.453098116609851,12.501015089865792,speed_bump
0.615428241291463,0.720801787387597,12.169631712560234,12.206483652396868,speed_bump
0.6422411169110674,1.2369643667678065,12.122539277095205,12.202397839015921,speed_bump
-1.8327884481139742,-1.987147132723845,12.528340497450749,12.816675966985242,speed_bump
0.45810541307615266,2.0094712308778226,15.263326780965832,15.401849876549377,speed_bump
0.599103136075834,0.6889660370273342,16.531633423559416,16.556826459765166,speed_bump
0.8918846055409787,-0.318366202775238,18.28592965632428,18.31043523744617,speed_bump
-1.0854436179656444,-0.3803784562804557,15.341877407268726,15.384930224003202,speed_bump
-0.6927574044048099,-2.549698656096918,12.52776499622712,12.803350024854964,speed_bump
-1.5628735609093256,-2.2051209735193,15.44897727170272,15.683623019469428,speed_bump
-0.6164674138949098,-0.8691302638471113,15.32974515659468,15.366733747093663,speed_bump
0.42887566793199733,0.2159741918814124,17.907112196369923,17.9135492408256,speed_bump
0.0013363012099835343,4.149675176845626,12.266909941372125,12.949783217056723,speed_bump
-0.8019189737236385,-0.1298407248601042,12.522724898101433,12.54904663820243,speed_bump
1.4867053134397918,0.05425646767527709,9.462836386484987,9.579066182602507,speed_bump
1.62710805078225,0.15939352532803833,16.032198421483574,16.115342786632166,speed_bump
1.0325324095490465,0.07959998738401,11.564565204034928,11.610840955466408,speed_bump
-1.5582104424247758,0.5871525934729058,10.559058394618377,10.689550137020005,speed_bump
-1.6267147768727408,1.1300034399661132,15.057692834441006,15.187403406639577,speed_bump
-1.9347770605040575,-1.2303953248910589,15.097897625402549,15.271010039827177,speed_bump
1.7395423798389944,-0.6443088044847348,11.163339865769162,11.316417210648586,speed_bump
1.5799275964943376,0.01728386430477266,11.491431802217598,11.599546319022467,speed_bump
0.3821803238554699,1.7737434101721785,9.133342732083367,9.311829946190574,speed_bump
-0.3849881445215749,-0.8447205076154599,12.10318300651021,12.138731708728299,speed_bump
1.1904403198300608,1.1182327560024266,12.549633620043346,12.655469041050836,speed_bump
-0.2549649748042646,0.2335136183852059,12.023531520217983,12.02850140150566,speed_bump
-0.8973591731206493,-0.8981992893544092,14.516711659916771,14.572128631951616,speed_bump
0.9756683366212282,-0.5348962996584892,13.97903014966112,14.023242373987843,speed_bump
-1.6840638830092816,-1.029202893704607,14.275674414956502,14.411461055712218,speed_bump
1.3169688628255718,0.2554120290605525,12.02309528791776,12.097704848135086,speed_bump
-1.5437974050362848,1.268763863275227,11.236037598452803,11.41234476706671,speed_bump
-0.8336604633013897,-0.21681981591458183,12.606020363241797,12.635416494881044,speed_bump
1.186460444512665,1.8477650023658505,13.57534706799333,13.75179886076132,speed_bump
-0.41223531539249025,1.2650241987022384,14.470396218207618,14.531434577854876,speed_bump
0.6374793242368461,-0.8699817695508706,11.693082508903126,11.742718029834343,speed_bump
-1.9023481050686575,0.2073844016088263,12.386517489555375,12.533465287858348,speed_bump
1.8471182682602978,-3.7521773369191456,13.459393051988505,14.094181139482599,speed_bump
1.528565174577076,0.34754247712166253,13.34609026211997,13.437835486081351,speed_bump
1.9515196615604775,0.10149866504949993,10.824921065689368,10.999893047065022,speed_bump
1.5432788718321355,0.5673462903084453,15.19438349056624,15.283091347883849,speed_bump
-0.8832318972604404,-0.3915158676075188,16.16266217885745,16.191511108194806,speed_bump
0.07021846906428482,0.0032722926624730725,13.824349606527763,13.824528324134654,speed_bump
-1.2500621469999624,1.041750555845944,11.882387218350818,11.993290857758533,speed_bump
1.5821416313728263,-0.8019573669889088,13.513845115888056,13.629758529643961,speed_bump
-2.8329021846921587,-0.11165422481900933,14.751185041177312,15.021160460264275,speed_bump
-0.3691582448620735,-1.3800027923923879,15.573462530148808,15.638843329821722,speed_bump
-0.2266640041256409,-0.0607526597980195,11.381825269527583,11.384244108525406,speed_bump
-0.7366238067230771,-1.6140072751335084,13.772916665085027,13.8867155072822,speed_bump
0.9593267688138034,-1.2702998980915219,13.234963294513303,13.33034969862263,speed_bump
-1.686524395502529,-0.17371059644596243,12.401612069048243,12.516969354404676,speed_bump
-0.133015776254214,0.7901770040877172,12.744791134838877,12.769955910855339,speed_bump
-0.32106162293213647,1.1970158548904972,11.467171333872411,11.533947542925805,speed_bump
-0.379752058905754,-1.6293212067499578,12.554026564137402,12.665010153729678,speed_bump
-1.2849529498124301,-0.9968347002464725,11.414687282997656,11.529955302232336,speed_bump
0.29663266526469456,-0.8640417261526752,12.336461220578995,12.37023987194607,speed_bump
-0.30281269083025736,0.16469116792391156,15.82831729751384,15.832070211355678,speed_bump
-0.8127599049122801,0.6213096462343229,15.530883939251222,15.564541762417177,speed_bump
-0.4301704036838763,0.49521920203401726,11.931756351195824,11.949773983576872,speed_bump
-0.6087191067871449,0.08562136245361829,11.945376363922154,11.961182485207146,speed_bump
0.9582286569742999,0.6195176068302477,11.086299895583121,11.144866513288786,speed_bump
1.6959882762001466,-1.5082632504832325,12.61265603790201,12.815238062408072,speed_bump
0.8468788607124623,-2.9412496766673093,15.538851961908481,15.837426361606996,speed_bump
-0.38302286722789136,-0.8829672527194906,10.295991376230479,10.34087888458263,speed_bump
0.1707692601101476,0.7878743932210361,10.4234500492422,10.454578859463407,speed_bump
1.8580598990079842,-1.0909193846074468,14.669983537087672,14.827370254716014,speed_bump
0.702852816272849,0.7910396066067698,12.147519485117362,12.193521861294597,speed_bump
-0.7352891078858104,1.2728861440900743,11.42230274970568,11.516505082442588,speed_bump
0.22975613802090672,-0.34334894963527973,13.824508180397956,13.830679766882897,speed_bump
-1.3591988916225821,0.8027318854886999,11.844533081895909,11.94925788637499,speed_bump
-0.19858772045791429,0.5319028887700381,17.001959877452432,17.011437253809593,speed_bump
-1.3324063363990681,-0.346218637496586,14.668623337304616,14.733081300323569,speed_bump
-1.3700025508599836,-0.792695975135541,11.162226764415973,11.273889312859303,speed_bump
0.19932041249315294,-1.296226236178917,15.228139836753963,15.284507645649827,speed_bump
0.8885748907011312,-1.8805729532980753,10.939861935349906,11.135829521574877,speed_bump
-0.31064122837121877,-1.0672013772359794,15.434690922806903,15.47465995215779,speed_bump
1.6560588513190433,2.2605467806401025,14.020091820378692,14.297397571528323,speed_bump
1.3599627933468794,0.4560707371856199,11.15702458543062,11.248853137831793,speed_bump
0.20344083083217823,-0.38220679892129883,12.484139238271291,12.491645317144425,speed_bump
-0.8970006242396419,-0.5948749598993655,16.552315549731937,16.587273326128656,speed_bump
1.241835207123475,0.4057912715839775,16.81727386950338,16.867943610281202,speed_bump
0.36579740293150814,1.8824172050016252,14.16937153521119,14.298545099992891,speed_bump
-0.8328452022270498,1.021466491291696,14.814711940570923,14.873221399743873,speed_bump
0.38909253757671325,-0.01016464255923493,14.022009679019742,14.027410729043318,speed_bump
2.309106646556253,0.17744035103715844,13.95346136432588,14.144346666745745,speed_bump
0.40343011438573556,1.7601607374618191,14.348385362531289,14.461572673488785,speed_bump
-0.6093372193886426,-0.9459776178668005,13.755288890653395,13.801236827392316,speed_bump
0.16527195758135457,0.38088378005870005,16.674653705843383,16.679822045923363,speed_bump
1.2547300879966763,0.6059644675328505,13.229072350148135,13.30225153028954,speed_bump
-0.10658187396278986,-0.14277429071903522,12.696713050038401,12.697963083461975,speed_bump
-0.4789476401774705,-0.04740793805415758,16.20133915330256,16.20848631781995,speed_bump
0.886622782436368,0.8438394766815843,11.312596079336574,11.378620086590583,speed_bump
0.9646310783714476,-1.9607278356718496,13.581963376894365,13.756623711297705,speed_bump
0.4628637094810462,-1.8810596469142713,12.052123191862108,12.206813738262097,speed_bump
-1.9186451334835184,-0.8106076282244107,15.922483100192295,16.058136627612956,speed_bump
2.709754683672581,0.22666057041432994,18.04372384191068,18.24746874344499,speed_bump
-1.1035575270406208,1.1351717251781563,13.21787386747963,13.31234929070496,speed_bump
1.813301024370912,1.3092598847459649,13.105322639404163,13.294799868131483,speed_bump
-0.5890550790183524,0.6268390634422455,15.387223170506795,15.411247515907194,speed_bump
-0.5824931152575663,-0.7954398350372134,12.754922388599846,12.792969471537564,speed_bump
-0.2371620985995756,-1.1670785560338544,16.367855441197726,16.411124579409915,speed_bump
-1.01729975938898,-1.8351327417992636,15.123015728427871,15.267881834188833,speed_bump
-0.18449883588288132,-2.261137484818524,12.222117355158842,12.430886339636789,speed_bump
-0.4190600717896479,0.3811151185947978,15.558516224739204,15.568824207141107,speed_bump
0.5465898518409099,-0.10977646741203728,15.192739161300167,15.202964663585739,speed_bump
-0.010963863008815192,0.051113185501198165,12.458386152114166,12.458495827314556,speed_bump
-0.8100263910914611,2.5029326670372503,10.720958082613091,11.039010684800237,speed_bump
-0.3065725982453476,1.1756488018460653,12.35593898754807,12.41552919239802,speed_bump
1.1862938890774994,1.3237263237922596,15.87503973578036,15.974242742119845,speed_bump
1.1334564570989196,0.3435991943297864,15.428625091647294,15.474018746437261,speed_bump
-1.9986193027482322,1.4380908329179822,14.540006107872465,14.747011967785513,speed_bump
-0.9769571468571212,3.01701314086533,11.470774168602711,11.901070270611484,speed_bump
-0.17712960087462007,-1.2744919988000876,14.898412532349756,14.953875776352689,speed_bump
-0.2458725373614091,-1.1668954011544013,13.282320193906466,13.335746245160761,speed_bump
-2.9557103933491655,-0.2882211505768793,15.9872647927695,16.2607481659092,speed_bump
1.065678156598865,-0.4373765718331447,14.044377253111206,14.091540037439056,speed_bump
0.08310809447951145,0.15397733994998222,12.645249744589801,12.64646025888804,speed_bump
0.9323606195571874,0.7360668659559866,14.65325525366588,14.701325800251693,speed_bump
1.052938681464646,-0.35549824535665936,13.854976787884125,13.89947627294583,speed_bump
-1.2342613925066106,1.0495253827277262,13.426387001585576,13.523785440118763,speed_bump
1.785048120365207,-0.19176405704135413,13.6493094483094,13.766873961117701,speed_bump
0.8050056701393286,-0.3398527989208231,11.405602560228584,11.43902547491628,speed_bump
0.6263207735465385,3.350475827245215,11.6402538599738,12.129034417667606,speed_bump
-0.5509363461180738,0.4200880954749053,15.164056248025705,15.179875057414705,speed_bump
-0.1769606230287538,0.21044038201217152,13.8405529228212,13.843283765996368,speed_bump
-0.040161246347130516,-0.3905986871759905,13.484796812082502,13.490512418855044,speed_bump
1.1914324738246542,1.7362121846486211,14.711767043723952,14.861696862693993,speed_bump
-0.4781057163097635,0.06900261243008123,14.457974783405165,14.466042350071767,speed_bump
-0.8792418026804186,0.6310809505938094,12.81065638139598,12.85629208737825,speed_bump
-1.2034568841107334,1.0761289921463186,16.133123359246625,16.21369888101788,speed_bump
0.7751292186571416,-0.5148930052057139,13.964390198728319,13.995361150565758,speed_bump
-0.17796183494264114,0.8565909669985406,14.238795179555007,14.265647782864912,speed_bump
-0.5571571498149639,-1.4406586375959827,13.75612352572466,13.842574032840327,speed_bump
-1.9662766912051197,1.9407615041026223,14.417112291541546,14.679438888087704,speed_bump
0.6493771288713285,0.44779353392015253,15.514140564840423,15.534180608263474,speed_bump
-0.33121487764885355,0.11421265287827163,12.480682465548929,12.485599009703696,speed_bump
-0.2982427635405626,0.24741377471477827,15.711516255309242,15.716294263049717,speed_bump
0.3924410516382539,-1.318759720603365,13.377549046693854,13.44812089759742,speed_bump
-1.5998988216470162,-0.5982725428051083,12.227724740915034,12.346451255910244,speed_bump
-1.7340703268140547,1.5112156712117701,12.488824208321208,12.69887801380905,speed_bump
-0.6463345370857783,0.621166593852749,15.47981691987702,15.505751453704505,speed_bump
1.209102863239061,1.021513577462933,15.829469296123378,15.90841028889269,speed_bump
0.12877160949073102,-0.1850699146352541,13.296831959238554,13.29874329224163,speed_bump
-0.7044109018392722,1.7175420833626516,13.407799722816291,13.53570238051592,speed_bump
1.260210124544683,-1.251751783189923,11.046947183723125,11.188836139862463,speed_bump
0.7049975371353104,0.8127989987501395,14.698238770976713,14.737567190970806,speed_bump
1.2761699690738935,-1.9991628366414445,13.07058259899423,13.284027676668892,speed_bump
0.36574602303829157,0.6505647472723685,10.33486524273721,10.361778043815624,speed_bump
2.18585169990972,-2.15836995264184,13.254618340033568,13.60593311193391,speed_bump
1.1301416088574396,0.02649289796725745,16.381626320314368,16.420584728569505,speed_bump
-0.3804239576612447,-0.622397085700818,15.016647351019694,15.03435393306737,speed_bump
-1.077883666726638,0.8802624993663546,14.02625820967696,14.095127336470469,speed_bump
-1.5871080799693134,1.7076551384735539,14.817519230749575,14.999795808046605,speed_bump
-0.15301732491381737,-1.7092745636852782,11.36952557044659,11.498310551242914,speed_bump
-0.2865935119550041,1.2963423393955142,9.3159339695648,9.410061903478399,speed_bump
-0.5122959423158703,1.786490462224092,11.173073405261217,11.326586627200907,speed_bump
0.2236217417976701,-1.725423461059768,15.041416326808847,15.141707232666064,speed_bump
-0.6291639421806504,-0.5920517224787193,11.664188321490448,11.696138752059351,speed_bump
-0.2327539569474633,-1.6554022091944407,15.466459421538877,15.556538751174351,speed_bump
1.2350955825393792,-0.8214129750710045,17.71280483594427,17.7748033893451,speed_bump
0.8656321767856298,1.223102345974891,19.256947501319438,19.315157920213565,speed_bump
2.7604409751373016,1.1132902729962053,13.71838053148485,14.037571514182485,speed_bump
1.7850153757052667,0.7597642975944675,15.689935322293984,15.809414666494513,speed_bump
0.17528203322582755,-0.34544212794130946,13.303978486768292,13.309616734952286,speed_bump
-0.12240296925897841,-1.056798511500508,10.129080036291167,10.184795921489314,speed_bump
-1.5258691395700696,-0.8044126212150299,15.370592259751616,15.467076734528687,speed_bump
-1.0033190185996383,0.5280169764108696,16.534401823307885,16.573228250255557,speed_bump
1.2983747646175983,-0.9856710423586945,11.318345406963171,11.435133019972465,speed_bump
-1.9856951918871362,2.077135418871908,15.926733799521,16.183890955645385,speed_bump
-2.811625265995597,2.0029583621236817,11.799651114305574,12.29426066325742,speed_bump
0.3659762103215562,-1.0944132134848437,15.709862106424653,15.752188618450733,speed_bump
2.474576639499035,-0.7470860505497363,12.738853699106162,12.998463781497838,speed_bump
1.6059272368792954,0.6280589799310844,15.659546477193917,15.754201225191306,speed_bump
0.31372449632339283,0.25322720513932784,13.070873688702664,13.077090122157744,speed_bump
0.3448608824569502,0.41762891609789554,12.153870419589204,12.16593231593763,speed_bump
-0.09831815078403335,0.8213450990326058,13.51686699826381,13.542155208061669,speed_bump
1.038087394142678,-0.10312215288008308,12.90293920843457,12.945041515300394,speed_bump
0.45973030180437513,-0.3368869721617109,12.596012385842547,12.608900539171062,speed_bump
-0.2820552323026324,-1.3272189219140897,13.787213415692541,13.853819653460503,speed_bump
0.08226571049184907,0.7771045354865361,12.492616608150925,12.517033547308435,speed_bump
0.7330354245203387,-1.9781712683395385,14.326498603350522,14.48098977046425,speed_bump
0.5144853339331656,0.8999362099141536,12.850080769721048,12.891825166713271,speed_bump
-0.43650826376833923,1.1583850082053642,12.632060524052745,12.692570597593882,speed_bump
0.7118489229692235,-0.4502792936976876,15.025164510893953,15.048755726334734,speed_bump
0.4300893317289324,1.296398432526906,12.894852219648145,12.966990379254932,speed_bump
0.6470336978613019,0.5874362665412791,12.776937569938411,12.806789903778375,speed_bump
-0.6722362561464702,1.1796034825257458,13.959831224524505,14.025699760699073,speed_bump
1.0634944355001672,0.06304437034285294,11.174664834550617,11.225334256560645,speed_bump
-0.6410114782354414,0.3450351311640916,13.41130454267359,13.431047408646293,speed_bump
-0.9879584361494073,1.454507590096125,17.23910432108368,17.328542119705627,speed_bump
1.6954338422915283,-2.0030049057298003,10.476059946092656,10.799738726473523,speed_bump
-0.858727133650529,0.7480163944990121,12.1541124657427,12.207349861719745,speed_bump
-0.16970424095889886,1.1302390281129089,15.935001493205172,15.975935414820635,speed_bump
1.9366874916599797,2.3433860859411753,18.086709946990137,18.340427843828696,speed_bump
-0.2987908749603709,-0.7649676510460064,10.836912536509255,10.86798623563988,speed_bump
1.71961351555283,-0.14437960379784756,14.006274126565483,14.112180236283919,speed_bump
-1.2584229449465019,-0.456275866115835,18.179748606347548,18.228962542184433,speed_bump
0.4448104056599205,-1.1732699552972843,12.961412262932473,13.022005472840307,speed_bump
-0.7461478922633158,0.2480138671869198,12.746660308240985,12.770888636627138,speed_bump
-0.2976500792745269,-1.1583165822997343,11.024611272070231,11.08928972363788,speed_bump
0.7259583573754035,-0.9531893927760531,11.170163474647719,11.23423952056827,speed_bump
2.446463280858625,-0.15321136743928937,14.552492969496184,14.757496668979398,speed_bump
-0.801702654805162,0.39700124937424774,13.326742382495393,13.35673611583778,speed_bump
0.5230939238475394,-2.616845915804942,16.14407880390103,16.363153431621843,speed_bump
2.4744608775659844,1.3872578932161335,12.501786646297182,12.819598685077064,speed_bump
-0.8916841488289153,1.0709926598187969,13.280765300767623,13.353683120125766,speed_bump
1.6736018404518427,-1.268020667349452,14.996785385736935,15.143064136397298,speed_bump
-1.7018239155042099,-0.8762657537817723,17.403571253049822,17.508521887087298,speed_bump
-2.0655320232773544,1.0519444318001283,14.130551760779577,14.319409998000978,speed_bump
0.022957164209782475,1.802278759156951,14.14647922690994,14.260841850132529,speed_bump
-0.7473205462064048,-0.40133174087696194,14.079720979711697,14.1052507255827,speed_bump
-2.6550543034823715,-1.4145243075688627,10.30232555162938,10.732572112168596,speed_bump
-0.34079803313057877,0.027457680784831004,17.52051234711061,17.5238480399961,speed_bump
-0.2577338231315939,-0.3621589638950545,13.07495073466816,13.082504444972109,speed_bump
-0.13771933154788873,-1.1631762679600093,13.452463284939856,13.503359362665359,speed_bump
-0.604404323038831,-0.3168397378677574,13.273274550059238,13.290805441599483,speed_bump
-0.5485695018347514,0.5318633585672675,13.671368539064376,13.692703343805011,speed_bump
-1.1793929389731368,0.7170463274164552,15.092359607833167,15.155343667245399,speed_bump
0.07661722918135427,-0.44050660598305297,13.935579603672712,13.942750631063479,speed_bump
1.439743410532255,-2.5169363226667523,14.47201032249527,14.759637946607631,speed_bump
-1.5218519221400189,1.2434865026638895,14.683752589674416,14.814684676698274,speed_bump
-2.367005814317873,-2.3234510432032756,10.767645107072932,11.266912728296454,speed_bump
0.26102891819936064,-1.000400206208589,11.1803767133453,11.22807909310548,speed_bump
1.8656503835652558,0.07194710448931925,13.615104025793624,13.742521070484969,speed_bump
0.4609567846073696,0.8782266632433017,16.013667795832873,16.044354755009685,speed_bump
-0.7905451522038942,2.7465629666347797,14.10832992925217,14.394913794809446,speed_bump
0.7146806271022302,0.4493855960155186,9.481014566113796,9.518526830109973,speed_bump
-0.5004408146423386,0.6335018965920686,14.073763218049038,14.09689954492319,speed_bump
1.804558087148409,-1.1443108770149586,15.660713548752597,15.805816212054049,speed_bump
-1.1085481911593968,-0.7132047366446805,12.051582937188305,12.123456247309324,speed_bump
-0.31124382293039216,-1.663672128675962,14.998962704887466,15.09415648162065,speed_bump
1.1088614642786412,0.8874376061053387,13.318566550995659,13.394078326820123,speed_bump
-0.5217391379227768,0.9951433403997096,13.72766128837082,13.773569125111221,speed_bump
-0.3873717369274913,0.25060978005734114,10.624462354927333,10.63447518477986,speed_bump
-0.37533459023548366,-0.09768225420819547,12.755155154996485,12.76105014900607,speed_bump
0.24396117472983803,1.7976066976387122,13.603807577782709,13.72422994224118,speed_bump
-0.8559179170458087,-1.5969852301946417,11.617457936708622,11.757903138628674,speed_bump
-2.7655691199833146,-1.7725440573922122,14.300611843359585,14.67302913809,speed_bump
0.13195210831820978,0.2749246891689313,15.13005022668608,15.133123101516349,speed_bump
1.1597070118755006,0.4227984096557627,13.864606130623827,13.919446181724775,speed_bump
0.8709438336526233,0.9333152305729963,13.749106604187919,13.80824220870712,speed_bump
-1.501969310248385,-0.5875832771096148,14.422655183216667,14.512551410776586,speed_bump
1.3622413264072113,-0.1523179168294684,13.43461363192186,13.504360244683182,speed_bump
0.1850634682653415,-1.3671915194630293,13.105813694089939,13.178232572024724,speed_bump
-0.9615981998111167,-0.16471157077960455,13.270746355864889,13.30655890307971,speed_bump
1.0720400063957631,0.5362034756674322,15.374130356418505,15.420786885200762,speed_bump
1.874477505611247,-1.7990917539246438,12.232340901005003,12.505221348560053,speed_bump
1.2917275472375913,-1.1815518287886686,11.079977701226241,11.217420855084159,speed_bump
1.6084498617726268,-1.1282464502295222,17.629075177338187,17.7382170078769,speed_bump
1.0980524616634302,0.1040992949860538,12.424888143052197,12.47374848388169,speed_bump
-1.4427097895329408,-0.1805188786750197,9.599738510701942,9.709221290928856,speed_bump
-0.5447470366805227,-0.6999386102934949,13.770352085803648,13.798886185455284,speed_bump
0.4701878119717142,-0.40831123346307585,10.232043623233379,10.250976116919292,speed_bump
0.9101493645010479,-1.1588994538050321,12.000552537502468,12.090685713187991,speed_bump
-0.7507881491104255,0.10370442851243,12.4109874555923,12.43410821394953,speed_bump
-1.0498521184277323,0.18276254284381227,13.932536132625158,13.973229930998041,speed_bump
0.30219000041939376,-0.7769306128575607,11.188334486976645,11.219347956366255,speed_bump
-0.39110453567724873,0.7467621581921372,16.356857116454343,16.37856499229521,speed_bump
-2.140239845634204,1.038539728038395,11.202604452352144,11.452403148658995,speed_bump
2.4056348500182527,-0.7156122332636398,13.167820900549083,13.404875499942406,speed_bump
-0.4141920772773366,-0.1465868744641459,13.139354974165032,13.146698898421604,speed_bump
1.2872066427045077,0.17066733694657737,14.89520012293156,14.95168936886743,speed_bump
0.47157784695474114,0.5959146741816497,11.629664875095123,11.654467172362054,speed_bump
2.132131653737288,-0.1625598013547348,12.253904105928516,12.43907460043458,speed_bump
0.8367126354639577,-1.5583713557352152,16.53009861783126,16.62446298777642,speed_bump
-0.6407090742119801,-2.4809646048608562,14.304507384255492,14.532192711169566,speed_bump
-0.6511844182918932,2.1173591465547874,12.023948013954893,12.226306749972176,speed_bump
0.736382135973434,-0.5336708666119562,16.473708726803157,16.498792151536477,speed_bump
-0.7271877703659176,0.6836880504478605,14.214959444184009,14.24995801409573,speed_bump
0.062374198963405555,1.6543244645175645,14.291305397722299,14.386872139056639,speed_bump
0.3388640670992451,0.8083655731444329,14.6767121304076,14.702862398685154,speed_bump
1.2966924975870986,0.4546630357266544,14.844612412625908,14.908073235346077,speed_bump
0.60392589767281,0.022929501969783887,15.359662065070395,15.371547449918731,speed_bump
-0.5051359635147548,-1.680242960697476,16.220538453414754,16.315153890396378,speed_bump
0.15497437340365275,0.8785164281990415,12.284091783823621,12.316441008847908,speed_bump
1.2366826993372146,-2.30935152872276,12.82470433559676,13.089519849006246,speed_bump
0.2991072676190696,1.7575710399406372,12.276562269423154,12.405341683041412,speed_bump
1.832347299421798,-1.5770179774984954,14.023619183899095,14.230473545953224,speed_bump
-1.4691935570464383,-0.9633130765182767,12.11120801967278,12.237968029343929,speed_bump
-1.3196587557774926,-1.1918771479282213,13.616403884655437,13.732025528577836,speed_bump
-2.424358305688785,-0.43488134679343243,14.020339724501083,14.235046925478475,speed_bump
2.6386501291239806,0.2318993915907798,13.059293184182776,13.325216332284773,speed_bump
0.19232648184830942,0.6203970341573541,14.037164601629232,14.052183887525958,speed_bump
0.4640140573184763,-0.017981206834637463,12.44663669937736,12.455295961777693,speed_bump
-3.32828513057925,1.6965957299234973,11.961267743583509,12.53107517393942,speed_bump
-0.8424057470753117,-1.396656485636157,12.543166108435479,12.648767244493808,speed_bump
0.18297022913184016,-0.2335269613297189,11.835161423780281,11.838879122338962,speed_bump
0.43783068497412847,-0.7025549551434411,9.798492437768058,9.833398864416074,speed_bump
0.9167703189068287,2.278588021541475,12.908317556779577,13.13990461670878,speed_bump
-0.2823426293582171,0.08898388668351412,12.661846660511937,12.665306800340824,speed_bump
-0.664268844838254,0.9941968811526141,13.589938132423864,13.64243742810736,speed_bump
2.184387709761285,-1.25215727210119,14.685933294547432,14.900204167478003,speed_bump
1.1258691427290406,1.142048211399274,14.015791994304776,14.107242135560286,speed_bump
0.5339039713116627,-1.3601969973329975,15.458618098319773,15.527525972666595,speed_bump
0.8278780346803846,-1.9449211617079345,16.193602312003275,16.330978421542397,speed_bump
0.592905212202615,-0.6787571963203853,13.702184933373925,13.731792303650428,speed_bump
-0.8782430843592454,-1.6035153648627998,14.240213678542908,14.357097828291637,speed_bump
-0.5393290987179145,0.3330843778261324,16.586356876341668,16.598465456446334,speed_bump
1.1053762182058748,0.6938383419716534,15.104706976085733,15.160984171945373,speed_bump
-2.0437232791041273,1.3904325297278255,14.822767976675218,15.027460129763305,speed_bump
1.1517648047715805,0.3324997565477787,13.056107785260862,13.111028516251656,speed_bump
-0.7590051445567348,-0.44367474599406026,12.335493818956623,12.366783892638114,speed_bump
-2.9310745900386377,1.2249290955833636,13.827054609796987,14.187286164869057,speed_bump
0.06883719867434906,-2.8878984062898,16.019049899749106,16.27742778990662,speed_bump
1.9934233158127637,1.3713250752199744,12.77055908437514,12.997747816659217,speed_bump
-0.6128207026637127,-1.4672882818792465,16.632283199780026,16.708121634505726,speed_bump
1.9613281834066731,0.18125253507632874,10.699695218754094,10.87948245546295,speed_bump
0.9276928031034092,-0.1322826276977186,15.307082158496241,15.335738548810566,speed_bump
-1.633216421058111,-0.3573352965534271,12.337679737101146,12.450438774896769,speed_bump
-0.13474508828265513,1.2649301794194139,15.409005579664727,15.461424822821506,speed_bump
-0.3696104432436128,-0.7530475638509367,13.621515609691619,13.647321349563402,speed_bump
-0.858159906177507,1.451007747081049,13.267763447638702,13.374431158339311,speed_bump
1.225173343036541,0.8558443555341716,10.81448009742447,10.91725693839698,speed_bump
0.39916097352603186,-0.27164397202893475,12.360182619750354,12.36960930360796,speed_bump
0.785524574801525,-0.9288344868413317,15.492968339663419,15.540651541533771,speed_bump
-0.5607651776699196,-0.3028321770133301,12.283958336228414,12.300479556428577,speed_bump
0.6557085693144432,-0.3044177519109475,12.454031715254818,12.474996186777926,speed_bump
-1.4525214867071519,0.7275072030815444,15.560856881479845,15.64542592215949,speed_bump
0.19631394059722101,-1.0715544434097002,16.469576776126125,16.50556655414097,speed_bump
0.19430300332563316,-1.050394212563557,17.892181908619857,17.924041260553718,speed_bump
0.1321419176620564,0.521675612800742,15.32783216190979,15.337276346048883,speed_bump
0.8697756945895024,1.454505544488657,12.39470070790808,12.510024051793984,speed_bump
-0.014022401426236389,-1.2839439693585504,13.971905369650496,14.030782173587555,speed_bump
0.9915635593348963,-1.1484139123814254,13.909431557487009,13.9919383595972,speed_bump
0.7160332346775606,-3.2828366835115808,11.65765601015855,12.132215953194944,speed_bump
-0.3438078864401197,1.1011893659385847,15.468679337795047,15.511636352685748,speed_bump
-1.3890305381340644,-0.3187311179180875,15.060690357652934,15.127967127492655,speed_bump
-1.1086600242564455,0.2506643139309644,10.393363317650566,10.455331687725032,speed_bump
-2.5985717224809335,1.5884104199468456,11.40997166561748,11.809448592938917,speed_bump
0.09884409264812047,-0.3267229450620717,14.482981995134347,14.487004021151755,speed_bump
1.1289844614684543,0.5486307319668243,14.983011159827436,15.035498828100422,speed_bump
-0.8122644065559459,1.2321097023579373,11.42719306708504,11.52209222221549,speed_bump
0.0029429530753028676,0.40278839061374355,12.685948913738937,12.692342060887743,speed_bump
-1.4223118301627746,-1.2958294479520105,13.81354759048864,13.946907970410326,speed_bump
2.3967585162302156,-0.03698644423541316,10.337466541373622,10.611740379230843,braking
4.234166375164696,-0.9520582349947037,11.259223213023454,12.066676722945832,braking
0.7170128216599241,-0.24798120096252715,11.061877724495192,11.087864575928878,braking
2.347010220477701,-0.8208863498781264,11.300142808292488,11.570459751550388,braking
2.7401057481211257,-0.4041635475601592,10.810363231866521,11.159546625600631,braking
3.175879929723391,-0.9183223615328765,10.66787777894228,11.16839941953016,braking
2.967794248994399,-0.16866232746360904,10.87460273002684,11.273563510309279,braking
1.5029053172139202,-0.4833400436262412,11.778013444629252,11.883347284841502,braking
4.805358959571482,-0.07364645010114641,9.779086243413438,10.896211556594539,braking
1.5181529486197296,0.497333720926383,8.67713170447059,8.822966837867064,braking
2.847777449203583,0.5566000838767377,9.696423859388174,10.121278363649342,braking
2.3897108628959347,-0.15014215544374315,8.789200774287554,9.10951760115875,braking
3.3803214616849,-0.37325962706613935,9.504489558795244,10.094613301497631,braking
2.25217889893687,-1.0005170932098115,11.638818514147175,11.896866841814973,braking
2.255119455408871,-1.104838370311416,12.109267218749128,12.366914900562236,braking
1.9583640348184022,-0.5309733724517475,11.491577977704885,11.669339605684415,braking
2.176898801179667,-0.04069658512296363,9.850551750057003,10.088305823237578,braking
2.718934148266369,0.0998101870791544,9.79776598737826,10.168519229439458,braking
2.11681438784244,-0.029547619922502943,13.38919579375618,13.55552803169091,braking
2.365657572857444,0.25944567261921575,12.743602207301006,12.96391318340977,braking
1.9181653984054605,-0.3612243395729589,10.885490787267932,11.059102639854416,braking
1.2785508097786178,-0.47451427227309967,9.857092326499254,9.950986137107563,braking
0.6798314562125343,0.5471500933030569,10.705882033539696,10.741389768066592,braking
3.632952084131145,-0.1473818575800818,10.91892114758785,11.508383956263268,braking
2.529350051928593,0.2681371522825463,10.299004551134823,10.60844022285657,braking
2.3378582516357445,-0.3880990918839853,9.691931171470753,9.97746119723795,braking
2.2992790709702384,0.5753138779678668,13.022573471467917,13.236505963590396,braking
3.0887424190191433,-0.7202916070491184,10.737334731142287,11.195959398766504,braking
3.378894860561031,-0.4388306776003396,11.491657000228068,11.986145479394937,braking
2.546277613966171,-0.7309358666149315,9.09998079027748,9.477734292113729,braking
2.4910435380212004,0.034352661226845896,9.96132488595616,10.268128919000777,braking
2.562700032585498,1.0860367623236404,10.187548213555578,10.56092069422224,braking
0.033982546009581505,0.5662432726845046,10.232072730940196,10.24778505963819,braking
4.095279144626098,-0.003026482002268809,9.498182176264176,10.343441646062749,braking
2.4664710406530514,-1.424794786531053,10.46085716714449,10.841727364654789,braking
3.2241894347908158,0.5593852807868244,9.930990079192833,10.456236098941346,braking
1.8873404083258896,1.2689005882720978,9.955893017002765,10.212343917329724,braking
2.4979339538985283,-0.047488063138723294,11.15457492116315,11.430943566741185,braking
2.4588744159454885,-0.4050458338968788,11.124783568393688,11.400479593620204,braking
2.5612349299323336,0.045663544214841416,10.549448181167609,10.856006008321675,braking
1.9839466020297167,-0.24687095067528664,9.135290709685389,9.351498582390779,braking
2.7666647970212788,0.33742897245521225,9.943391133979278,10.32663157345253,braking
1.6081339561510906,0.9185921935127972,10.67818873012638,10.837602179223357,braking
2.0528412566113197,-0.05139823787124387,10.140307721819193,10.346141295037864,braking
1.8135585806215917,1.079091945340989,10.735823179856439,10.941267454047031,braking
2.7521771104411497,-0.7665580418862203,10.906333273310544,11.274315746303069,braking
4.022563772412266,-0.2811087633144688,9.832960464262115,10.627659805040695,braking
1.8327270972277085,-0.47590907477340294,9.365435857911317,9.554934163510257,braking
3.8835698088046415,-0.4707524366688483,9.99557003031026,10.733831680594085,braking
1.145442822530209,0.22565180897116938,9.264688952906576,9.337955846580508,braking
2.846474942137624,-0.16619778850705652,10.303655252846081,10.690900470522802,braking
1.4578741377261322,-0.35435894357169745,11.119752537367395,11.220510850876114,braking
3.0572757077995494,0.4704685921049592,10.819940585457296,11.253416802131005,braking
3.7565910056596037,-0.45456964491375557,12.102738249015939,12.680492209298228,braking
3.359489127067148,0.02140885284660618,11.572303144465517,12.05009649759159,braking
2.783033386979884,-0.35645062703648456,10.571745462322813,10.937738980369865,braking
1.2581631063304906,0.8266610002225492,11.174436826335311,11.275388294740846,braking
3.3691539403034954,-0.023529213041915836,9.940523537807348,10.49598780977907,braking
1.8369208144513394,0.14882174956943603,10.347440594967336,10.510278438656488,braking
2.0987760164623266,-0.3018892596170464,9.887796477049129,10.112592005212846,braking
1.1122829962365117,-0.06890400883104603,11.48513117891007,11.539070994795122,braking
2.3156556454945596,0.2983231177642545,9.726922105648915,10.003213053837499,braking
3.455769711415785,0.8818930425898249,10.789744375890882,11.363919364989176,braking
2.6358443999839136,-0.3925267061756515,11.089565451220064,11.40527136077355,braking
1.0291554622922443,0.5857392100260637,10.063605455532308,10.133035386908878,braking
1.4792486474576432,-1.3994066259887668,10.616930695034856,10.810445543502814,braking
4.6691370363126214,0.07638837202963203,10.026082080718883,11.06024401794824,braking
3.4677614826078305,0.46427055343594653,12.098975557812354,12.594686434984673,braking
2.5170601537656734,0.06775750451883049,11.400143067610532,11.674906631707252,braking
3.6635716409997148,-0.6152621018633937,10.465975175424923,11.105716590807521,braking
1.7169588827165976,0.5334793479532829,11.832348698858873,11.968167100730978,braking
2.575019825169372,-0.033985043698786355,9.72392217112071,10.0591522740847,braking
3.035520978281384,0.4242399011297031,10.275680568847926,10.723058251091233,braking
1.7251126668651122,0.3281398967684373,10.93489003578654,11.074994790065293,braking
2.3087364662719088,-0.12184922769223401,10.52474450709786,10.775683655558447,braking
0.8224904837542408,-0.10481570029699577,10.9989959567222,11.0302034878277,braking
1.6392063993450057,-0.1056357010412866,11.21034937066945,11.330052494735275,braking
2.99100546172058,-0.17084627732924113,9.993997634874066,10.433373895743793,braking
3.2442939285138594,-0.695330066991459,9.755087645847496,10.303914885849004,braking
1.5586646784819722,1.1903719082526998,9.051754938559696,9.261786454439788,braking
4.330331630960165,-0.08231041702696419,10.415539144459272,11.280159693400119,braking
2.561893413763812,0.3211831825337874,10.274678843551882,10.594124873643956,braking
3.1901229515113836,-1.2315579234465603,10.512995139266046,11.055165587307828,braking
2.229597897228239,-0.02597791226413929,10.146035105838937,10.388157199627194,braking
1.164579492956257,0.3724585742458728,10.84086351374785,10.909596349483005,braking
3.0801358604383284,-0.587359221489919,10.20831141784172,10.679037867592054,braking
0.7645893072863328,0.43681830596244137,11.077516652340076,11.112460673681243,braking
2.131734214805272,-0.2840178507483863,11.055317030190727,11.262548181479193,braking
1.7965799343586455,0.8345850590189028,12.174532283564243,12.334645029542832,braking
2.3654575227663335,0.7750588366929922,10.524737987995579,10.815092011088254,braking
5.039903247455266,-0.050606352269816475,9.891172713507165,11.10128296166839,braking
1.5001153756787544,-0.3968411007493746,10.72489753873415,10.836570316107288,braking
2.311265807245148,-0.4273237021032964,10.023565981685964,10.295456773127258,braking
1.5147825084881426,-0.5260948943462322,11.69446790127764,11.803894331104962,braking
3.1455714706766837,0.07187330266362899,11.136812118224226,11.572742536036857,braking
3.1950051053596367,-0.9953966379326776,9.099677478942137,9.695514545956215,braking
3.1357613189603306,1.1174847572504008,11.304699120140324,11.784650755498706,braking
3.4158025659460756,0.05988541681543457,9.989001091886271,10.557056230141812,braking
2.4537139008848348,0.03725370600915532,10.299277333417328,10.587597146503583,braking
3.574086325754717,-0.6470385869024144,9.829935659364862,10.479522272705967,braking
2.133974511939544,0.06114336270441207,9.10386314879542,9.350824025742632,braking
4.10224789662213,-0.11765666125193958,10.15649702469026,10.954301105402378,braking
0.8814393896429902,0.19164217245669823,9.474498002774611,9.51734072755926,braking
4.579633896917102,0.5704752317422256,10.596130482388205,11.557528707280806,braking
0.821595116426652,0.016720081122526074,8.840010326652864,8.87812371347562,braking
1.4334737231891375,-0.5072924652557124,9.284593136672312,9.408286893686945,braking
4.093378886868386,-0.9498315929415033,9.975921993940446,10.824830270983208,braking
1.9578240499286532,-0.3823783608884589,11.013098623130933,11.192302243245722,braking
1.7731188773514819,0.3646758768223637,9.25625660248274,9.431607781251383,braking
3.136720900239467,0.15732927833197624,11.225189134350334,11.65627048458281,braking
3.3101954846089363,0.24085910470688116,11.129277425091832,11.613622314304191,braking
2.2076491945074497,0.11996318478979125,10.777263046505858,11.001704636341362,braking
1.3696704055862168,-1.1948802812985106,11.541974648600487,11.684216477603925,braking
1.8346117352763263,0.10494630255813477,10.987199449228312,11.13980994823328,braking
-0.9196262588190658,-0.7632866053048181,10.47412722552375,10.542089927249016,braking
1.031878665979827,-0.32827808963478156,11.023396160764925,11.076452636228145,braking
1.2166024434577518,-0.13533919474174758,10.712807411242418,10.782517369957313,braking
3.5061116014460345,0.09865920864621673,10.079982050315646,10.672796743868535,braking
2.0939669845337647,0.3143800782756425,9.703559730716119,9.931898308657289,braking
2.1053010003600803,-0.3399394308138136,9.719404816799237,9.950612097331469,braking
1.038756590755865,-0.7160395106234653,9.994831342358241,10.074144201757253,braking
3.2203971418920956,0.05998991350206121,10.605544333841257,11.083867878962701,braking
4.170569711519788,0.6154223517817777,9.89237607374182,10.753208859408362,braking
2.7090756201024995,-1.0635680081120313,9.736790448624786,10.162448320348005,braking
1.4409123840087135,0.5646845221006416,10.042766069508021,10.161311304883405,braking
3.4738792483696153,0.19038674756956392,12.260631042709626,12.744691354103406,braking
1.4901545465531743,-0.19381756015706786,9.27071323708451,9.391711757900808,braking
2.068529177806045,-0.741637207268694,10.758803948919958,10.98092442000836,braking
3.9977656877698093,-0.41891045759652873,11.185552801503084,11.885882716105137,braking
2.547519687604182,-0.10065671439226823,11.733207006408216,12.007003580748613,braking
3.230340804535804,-0.03783525579091843,11.114928826214038,11.574894212554756,braking
2.3125753848105655,0.270322143934179,9.71282718966058,9.98799734622225,braking
1.7108404349824904,-0.421906888894737,9.949223993249428,10.104060494905896,braking
2.6842341991992376,-0.45078440709989065,10.94723161157631,11.280523027560859,braking
2.4114881635116796,0.06959391957475844,9.238157309457135,9.547966744321798,braking
1.8005861603062385,0.6924184493760607,10.659593683988767,10.832750866583055,braking
0.9591703238080371,-0.14357202677662972,11.320535521622924,11.36200445050402,braking
3.3051927216558474,-0.29140301790506246,10.16113831507362,10.689150878539797,braking
2.277127660031665,-0.38579528067908014,10.044766575939507,10.30686586425704,braking
3.165347817312678,-0.023519895328591393,8.987175697471965,9.528342301117918,braking
2.4834027164085155,-0.16404095888424508,10.971758658460574,11.250497168905978,braking
3.252855596626791,-0.2869129726247275,9.934903595256683,10.457805603156466,braking
2.271009481076178,0.10764113106432247,11.5244169147538,11.746542295556518,braking
1.1425138770095367,-0.7159440006815758,12.19466424054276,12.268975088035823,braking
2.187738527045542,0.6448493957540996,9.273482041397216,9.549842919024401,braking
2.8068618321634564,-0.24953739122738566,10.85744994803686,11.21717262185985,braking
2.8072625900372983,-0.9085171898859821,10.682874947110667,11.082867132170536,braking
2.4191069789379847,0.2948888007715868,10.844008469013774,11.114475140842657,braking
2.6391605769670514,-0.5363013249913591,10.164775509591337,10.515486142950898,braking
1.4672228163137184,-0.1873163362857282,9.641865576224264,9.754660526770243,braking
1.1983984947243216,0.003482937074081633,10.77770613372683,10.844128392267455,braking
1.4379757870746763,0.21538211642980334,10.342459780765678,10.444167661285721,braking
3.1778139806573713,0.4655378344327393,10.706825611169595,11.178163616576157,braking
3.9765109110580106,0.6320143240670123,10.489547482329582,11.235777121126787,braking
2.1572377872860695,0.8856470000345613,10.762503308404222,11.01224422826596,braking
3.336504837833966,-0.20330026486122854,9.362376115767493,9.941211297607335,braking
2.024471768511401,0.04672439740656279,11.324522162121072,11.504150177704739,braking
3.282480642515152,0.7403069088388688,9.952251827573159,10.505715107844612,braking
3.3952189049343544,-0.16067243893927854,10.976142210216818,11.490388368717642,braking
2.9399546607053026,0.11009278751528603,10.555914385930892,10.958228978807135,braking
2.2729289525177307,-0.7361666587335594,10.436552837820896,10.706529900451018,braking
2.2447988483579584,1.2616894414227124,11.106817150422577,11.401419619025864,braking
1.7946728154792648,0.11466465090902285,10.02451963865103,10.184546748996175,braking
0.6031941866766961,0.12516037945875147,10.55079271765483,10.568762241546784,braking
2.5994102820373928,-0.44200989118992506,11.867461013529091,12.15684734895953,braking
3.0278643319108434,-1.004481069866629,10.190138379119194,10.677821164346978,braking
2.633348664990082,-0.6943092933618773,10.355582350344934,10.707692393836743,braking
1.598946402689011,0.427334789873598,10.482244600027828,10.612101416596103,braking
2.3934604692403703,-0.5247101695761532,9.861854084182571,10.161699649053864,braking
3.370778978813415,0.08487155692569183,9.11029984689036,9.7142636059269,braking
2.44205091383266,0.034569970309942105,10.278677064240519,10.564847842706598,braking
2.096712942999739,0.510261332643958,9.42014782054624,9.664148009725238,braking
3.3085814534591975,-0.1277943528833889,10.76870109686681,11.266231221862238,braking
2.0108475863775124,0.6639356142253579,7.993284128843227,8.269033176852908,braking
4.340207824509402,-0.7718857636661673,10.668649571281167,11.543539113585615,braking
2.6879423413172625,-0.03045961901549411,11.626923009468376,11.933620594217912,braking
4.934189177832973,-0.05399731808642405,9.946427578445112,11.103177929145243,braking
3.4457875663846798,-0.7044548581656513,10.760349784403298,11.32054928360601,braking
2.2788517804330737,-0.15554621269849458,8.318825339874538,8.626715197385767,braking
3.9138563361466057,-0.5045287107846124,9.70025042090655,10.472233709591215,braking
2.7096334603269425,0.06086947659874313,10.142610122865333,10.498493162685543,braking
3.9730155980528075,-0.43926814352034327,10.916225997936099,11.62505051525793,braking
2.4688938291321914,0.8382665844728654,10.752331478173016,11.063939615827678,braking
4.250970315678737,-0.3640309648266702,10.345767311284613,11.190986034634287,braking
3.4543460682773346,-0.8021818687220684,9.81071746667491,10.4319787059239,braking
1.6366191513074368,0.07687872692209323,9.854715037506967,9.989987039808678,braking
3.701395936150845,0.15964130374817587,9.988149800876428,10.653119433610243,braking
3.392300929007537,0.14106068572657468,11.343583201742476,11.840797420987201,braking
1.9152549868286712,0.2373664501464021,10.62631574333597,10.800144942235596,braking
1.2339216942770057,0.057331795613830436,8.98982445859765,9.074293001595015,braking
2.925192951302801,-0.5037931696089842,9.131961035748489,9.602253574996073,braking
3.752739997853671,0.3771803612424737,10.520021669418016,11.175695881752617,braking
-0.5685833844281314,0.2060670819425951,10.720100582259509,10.737146138572797,braking
3.726119306176203,-0.45410671257823565,11.193674867266148,11.806292179356458,braking
2.7950633094046533,-0.048335308783629405,10.567817330716496,10.931307256730424,braking
0.8548989169693686,0.7308467725588745,10.50391241362031,10.563955942553052,braking
3.7351850679122833,-0.20888226639497107,10.070002841133409,10.742448348174829,braking
2.1368596011845873,0.13366718167854405,9.780150195235139,10.011761768639452,braking
1.853678134177541,0.25898974796672647,9.039826183172476,9.23155760078712,braking
1.0774456042866576,0.18562199575665053,11.769817836307086,11.820488841640929,braking
2.536597451357339,0.22602292311390582,11.336268227677122,11.618794701768653,braking
2.569984821933412,0.6445369367881896,9.036484715049546,9.416915941707057,braking
4.991660047619652,0.10706946149345928,11.2019805172528,12.264277451586702,braking
0.8336669799471743,-0.11491267075378149,9.405356207862221,9.442930210063317,braking
1.4981781434028223,-0.3553124907692565,10.298608834234365,10.413074888621358,braking
3.443005079434806,-0.47359091509892365,12.034122727246086,12.525920411143401,braking
2.691932723379614,-0.39529203831220255,9.172878792223731,9.567887066619406,braking
3.0912146803568965,0.2641756386268546,10.708064111964353,11.148454332060423,braking
2.3120261928936308,1.243523290069395,9.854278784190978,10.197971643720512,braking
3.236208960782727,-0.46956994588906614,10.729960683988773,11.217201105974587,braking
1.9646227805942997,-0.7617749461833144,11.303609227413046,11.498331413936548,braking
1.5512024190215137,0.5227329661634871,9.730829928796036,9.867549331107746,braking
2.4023279372289243,0.24337713066393435,7.882843730135749,8.244370031692007,braking
1.4414711806605434,0.8342261885675418,10.176527304159425,10.31190964228591,braking
1.6372644279043156,0.3738387547496093,10.478040438398757,10.611772785456406,braking
2.2596540948159225,-0.13032278922514579,11.834848406001134,12.04934261487478,braking
0.896561362135603,0.741189948112673,10.367175402458582,10.432234211356644,braking
2.9938576253312275,0.5177449909639322,10.418830677080216,10.852800377510404,braking
4.078496982021814,1.3862628299316033,10.953629741125777,11.770210990958752,braking
2.3886314643410067,0.34190512527352046,11.26488074521287,11.520416554578045,braking
1.6182544610713965,-0.2208001012643145,9.925628934375107,10.05910582151317,braking
4.191020126718787,-0.9400203205880578,10.239010189214662,11.103405673959774,braking
2.3803575152060965,0.41328069829578407,10.152140798858806,10.435653579706232,braking
1.918679163249052,-0.23542084624636989,10.697861203710753,10.871107903070097,braking
2.3825403221463612,-0.581389672888641,10.646775851588215,10.925582289853333,braking
2.753069100124733,0.8993010175102847,12.651340433724156,12.978618823285487,braking
3.97232350684255,0.20012926571732467,10.391466609659087,11.126633995313684,braking
3.0359027360460686,0.18650533002878836,9.603003983335467,10.073190912755402,braking
4.807725870913258,1.283740112048618,10.525486077105873,11.64251149385221,braking
2.4219030033721443,-0.5207940735198429,10.710543095606372,10.993296777018154,braking
1.4232293502191262,-0.6803523381497845,10.502238306014442,10.620050401183045,braking
3.7931721244490157,1.0651964696829845,11.545625147076866,12.199354832184193,braking
2.5800631436438937,0.03458876457884377,11.3692298753336,11.658357953245508,braking
2.929948987253967,-0.2842272480556533,9.686115223921236,10.123547516929358,braking
1.242748055344796,-0.10334500752653406,11.015580974550472,11.085942771209053,braking
1.2725633666257885,-0.08130994163215748,11.009173855542645,11.082776629087581,braking
1.4642542537562049,-0.060934611434957826,9.8034623572533,9.912397678493146,braking
1.3083592416471939,0.19808486399734127,10.211533916563134,10.296915385088278,braking
4.304793294407861,0.3496512071430273,11.757319976216323,12.525496968079583,braking
0.15199081116105617,0.6835852165369939,9.626562804158604,9.65199986413983,braking
4.104782879396348,-0.400146916377515,10.130175848182684,10.937541897372352,braking
2.552479710931011,-0.038663448958989315,10.04944762342695,10.368608637276335,braking
2.0540660843426126,0.5976149913760929,10.1503998560632,10.373376904110438,braking
2.377629188171486,-1.1043263627918318,10.62075090954244,10.939515855582853,braking
2.190279757662528,-0.18987829325404523,11.300340486213889,11.512214134884742,braking
2.2288857447749058,0.8489622081147381,11.550686452643717,11.79436416350432,braking
3.127011700873336,-0.8129991405546229,11.378499105656209,11.828330891438592,braking
1.5436527078712317,0.5208601620845599,10.89412144168784,11.015263999433136,braking
2.357084822585306,-0.2540665645512261,10.748533650660436,11.006878500259036,braking
1.46400201924218,-0.49553584363869246,9.539764234846206,9.664158491101372,braking
0.7300758495217916,-0.16507493338118434,10.20497857328599,10.23239210355584,braking
3.674407306066473,0.30716267666168073,11.625881833221344,12.19658748834422,braking
3.7211108518540432,-0.09849632021694786,10.391457106762855,11.038059082038584,braking
4.455805371843214,0.6555130702586954,10.256838637533535,11.202081848184632,braking
1.0556079607444961,-0.5918338355610164,8.247229130705596,8.335548199732337,braking
0.9862412472154265,-0.17087410939507786,11.245568605018248,11.2900258196845,braking
3.5959799034663247,0.11024966623871128,10.439495219158323,11.0420236771105,braking
1.443081509205861,-0.27274978930149923,11.30204848416881,11.39706877351709,braking
2.8694974702796454,0.5631570103252534,10.70274822817028,11.09504309076003,braking
2.3050714966275336,0.4073658045966683,9.442039216326409,9.727867498376261,braking
1.0576322998218577,-0.015283035688871398,9.700723148617518,9.758219574232285,braking
2.7452615216314733,0.3694566497437866,9.51515332925745,9.91015145784712,braking
3.5824115814808275,0.8854311618546873,11.12843494998202,11.724321964083579,braking
3.6546281368030202,0.9823178584339787,10.212369722319563,10.89099401058783,braking
5.199996925142045,0.4144551261110656,10.743615542285928,11.943073975886369,braking
2.4903507680074823,1.0951664421034013,10.622741657788307,10.965576902823488,braking
4.067320977163123,-0.13358080074939585,9.617753386074353,10.443281283052023,braking
3.1248964309192626,0.4732592212584646,10.782751350788509,11.236399720880772,braking
0.456473847176289,-0.3341449514554163,11.90975162922272,11.923179319775087,braking
2.4144918974914904,0.48056954822323467,10.834614345837952,11.110786931481005,braking
0.5080786041882277,-0.1284045377386615,11.71055458480005,11.722274535128719,braking
1.907532594664111,0.13658777947880707,10.456044573176055,10.62949692776913,braking
2.9303915426715723,-0.33806648943369755,9.885534585708337,10.316262772432408,braking
3.1497991923308435,1.1814492742357212,10.533306417075112,11.057468128626729,braking
3.785857343347427,0.6405159274973602,10.744146078558517,11.40962976765503,braking
1.591350562002921,0.045718799019334094,10.591217784534555,10.710199857108728,braking
1.4006133224462625,-0.9319934573826351,11.512414078803848,11.634689828502479,braking
2.1641358682595033,-0.6716975777907213,9.53927153389167,9.80471127007895,braking
3.2009255181138214,-0.549640324529627,9.60618059449011,10.140351782498458,braking
1.0371209584912988,-0.2779862908008257,11.183812575479065,11.235237424454313,braking
3.354519685557661,-0.12949342152638707,11.126689429551375,11.62208193606906,braking
0.4272587522443274,-0.20133026676272062,11.448188744565545,11.457927799077867,braking
3.4533706047597716,0.09523443620215614,10.88730228018576,11.422267247433657,braking
2.5523733511524354,-0.10301751148130416,8.451141005457298,8.828760197528684,braking
3.849392167666987,0.6464715727443094,10.679443332932214,11.370411402239268,braking
1.5831070461613197,0.21083335726715313,10.944216651157834,11.060133666987147,braking
1.502196412885592,0.3573458170852225,10.271495605780789,10.386910612662877,braking
2.6355981668557953,-0.12277126316561743,11.705896998737668,11.999561451371815,braking
1.612448241059902,-1.3110249828391056,11.532964841948916,11.718705298852568,braking
1.7691943196664517,-0.4608165112934624,10.215965186953941,10.37826310607298,braking
1.651576246253373,-0.6933224197691126,11.297364676991656,11.438481049504855,braking
1.9511805881813258,0.20717968828938682,11.663799587656888,11.827689966006055,braking
3.027231771439548,0.6181833184365904,10.020392345369437,10.485921302791887,braking
2.7820436393482906,-0.14591259834232312,10.181644112350853,10.555895704683808,braking
3.281900171992284,-0.49312105556858493,10.218167272139866,10.743601794361066,braking
1.3908790332046381,-0.31405984100859524,9.77704456057384,9.880474604399787,braking
5.013464761082933,1.3439285587064378,10.234653695889934,11.475587529896698,braking
3.0071337111628367,0.6251882202971,11.056778694245857,11.47545504810765,braking
2.6549305688142226,-0.452679095023053,9.848152596051873,10.209783751060467,braking
2.0359163056897946,-0.39689492037407004,9.64293997503071,9.863507091478041,braking
2.3665748776487843,-0.12411635667149208,10.997708795061227,11.25014134411114,braking
2.8546519813065303,-0.11121915234828311,10.830852601859057,11.201284556577583,braking
2.892417276309389,0.052302229744760474,9.607718842340864,10.033796618279691,braking
3.4055554652861364,0.1983162880938461,10.041361927528055,10.605002910743284,braking
2.147924669398388,-0.30518064892849717,10.21971793071724,10.447456637733131,braking
2.4924063649410217,-0.5323798732136019,11.163194436183828,11.450433521812482,braking
1.613070498161766,-0.12470333624450017,9.862306198557818,9.994129822461899,braking
1.411546899137982,-0.6357107401827493,10.547134451035134,10.66014249069223,braking
1.531479019698149,0.8981572375751737,11.100005569013621,11.241095944938717,braking
2.642575552759341,0.8026167776645742,10.035682789108545,10.40876209197998,braking
2.1549360849543593,-0.5889363987512822,10.770218742233562,10.99946395819231,braking
2.535083271278372,-0.9762854858546746,9.23979276194975,9.63086449006448,braking
2.574157087272617,-0.10730263191386508,9.657782297962413,9.995526873537363,braking
1.507440619362369,0.30666092960242164,11.74752242302952,11.847814196138863,braking
1.8159851360775803,0.33508818024476666,10.775915091833546,10.932997400960106,braking
0.8827229403286088,0.02221582630984723,9.85235522679839,9.891844966806877,braking
3.1848434340226417,0.08579688631950083,10.46797187614176,10.942075854454405,braking
2.116261854804328,0.23490645265581295,10.070182787918869,10.292828894997557,braking
3.8019228195637664,-0.832429711601152,9.657782398389664,10.412507728944131,braking
2.2250005062869493,0.30495645545279965,10.562764948787446,10.798871656614509,braking
3.114300078910274,0.8483604963535128,10.98156969685773,11.446110846930395,braking
2.4104965630132624,0.4636820748914221,11.784927003670814,12.037856920096862,braking
2.7055698707576754,-0.22813622532830163,11.298565634642785,11.620229768089342,braking
1.319313637680884,0.11218341896284181,11.0087717086749,11.08811201818334,braking
3.782230439395563,-0.06604320716969525,10.770360998505263,11.415353907786953,braking
3.2814053948474804,0.05153242044246079,9.829900536940938,10.363263073078988,braking
2.4294295640987924,0.2900271079347934,10.24038909259579,10.528618736472941,braking
3.494517847867084,-0.3726128022668696,10.315691172304751,10.897888770392225,braking
1.612655100843559,0.9959874313062667,10.514277978068021,10.683758179483611,braking
3.2704902341098645,-0.26633842741244274,10.733494630737656,11.22385626767372,braking
2.9523595426064846,-1.1263907972433231,9.70819816927487,10.209519811962066,braking
3.779950294398886,-0.610507868491663,10.648542876454881,11.316015618463702,braking
2.709608744659747,-0.29964335948774656,10.013528653239732,10.377982548707372,braking
2.5427463549430107,-0.5833129232393951,11.51828060391012,11.81002121346131,braking
3.5198156855409852,-0.03825945590175732,9.413176782611085,10.049799171467788,braking
1.1421554625877706,-0.7559621307481182,10.79935431545719,10.885864755481219,braking
1.0499380120914092,-0.11835049834797627,10.914223227958654,10.965247162713931,braking
3.089977450198053,-0.38581036748231645,10.741318776491745,11.183592416598676,braking
2.316052491484015,-0.6964223511547476,11.048893494497344,11.310488525578503,braking
2.2306989201762435,-0.1118064646266215,11.948938777049138,12.15588977638726,braking
1.9774418315370026,-0.5431139359857206,9.885217574332643,10.095681028859284,braking
2.547080086516648,0.12991132509826298,9.798376115707237,10.124853995212991,braking
3.44656109847194,-0.6279140166764857,11.617237356952653,12.133971453139948,braking
1.9229333300934854,0.34351063111216573,11.148356906761219,11.31819481481928,braking
2.1299270848063254,-0.36113160290219365,10.29627651891501,10.520471262028469,braking
2.6146183217196266,-0.07441522433057413,10.477096158276323,10.798671700892319,braking
3.718667855876033,-0.5533312966454639,10.988638689516117,11.61399355927596,braking
1.357140831205108,0.4296982244845149,11.130841559216785,11.221501932283253,braking
2.385946333594981,-0.15873545633446612,11.35345287259099,11.602535454892507,braking
0.7334361231950302,0.2977737560285313,10.712353207494136,10.741559895969328,braking
3.506047769678383,0.07783576819465234,11.915184947047376,12.420549975440764,braking
3.2090824911747298,0.5548681777538974,9.457671642279765,10.002681741564658,braking
2.9075835824137775,0.69661460740727,10.940582158525036,11.341765831095776,braking
1.1208848625307517,0.6463019639401769,10.15247173702371,10.234587020232363,braking
3.0454587511536104,0.8517067930220049,10.901539953528674,11.350938147335661,braking
5.010161042152456,-0.43982690310567535,10.220071724800437,11.390567476340374,braking
2.3868100923010664,0.42012003593260094,11.062713198303696,11.325060113272027,braking
3.4676598614605605,-0.13538981909747283,10.260409479425995,10.831389477042856,braking
3.1561679827008873,0.5246152905878216,10.510714581439197,10.986889393755781,braking
2.6320492291246937,-0.6746717651500861,9.431628789496994,9.815217101933872,braking
2.4248526573155584,0.5449435857368599,8.27234462098457,8.637624641627955,braking
3.8613223316330476,-0.057256285325917505,10.450458822388756,11.141147967306617,braking
2.7309178822164824,0.9140255717089494,11.554800460194429,11.90826473085214,braking
2.0601076407269794,-1.2252672495687509,9.550275477246164,9.846475766259564,braking
3.6948547744909592,-0.5708153762109495,10.350138831957338,11.004687902847982,braking
2.4906087819242773,-0.6054113761275534,10.25037460135719,10.565975322093628,braking
4.010756819695229,0.34664536971602083,8.356888113365217,9.27598578148879,braking
2.1703860432964888,0.05226647836941511,9.01891076423227,9.276532689258527,braking
2.792852788252851,0.12750322594847083,10.931946166592063,11.283781757848114,braking
1.5573598368152104,0.07992549743608893,10.300709626797214,10.418079312524853,braking
1.6786733058056873,-0.1089727234326733,9.70894690209098,9.853601832309797,braking
3.0393492978291903,0.17045117613942323,9.705283584388603,10.171490904044745,braking
3.754302189781546,0.4206977679933763,10.969576457211643,11.601869642208753,braking
2.1692559572540944,-0.44169311071776013,10.962300416473738,11.183594888637472,braking
2.2937839583675217,0.27556287117414296,11.233901102771178,11.46899793924811,braking
2.2736252523901594,0.4939413742618159,11.720767490935781,11.949466115525452,braking
3.8461589675257564,-0.0681770506110484,9.777145062727529,10.50667180849036,braking
3.672474027364374,-0.3270946500331655,10.566985977192175,11.19174914988369,braking
3.1279874957034215,0.3133124830515595,11.372056546332598,11.798565191509473,braking
4.645152813231531,-0.40712945247874377,10.624693851059005,11.60290129571391,braking
1.0278986995567134,-0.28724506689195983,11.09938415759025,11.150579094503101,braking
2.9873389571258384,0.279782738965401,9.38615492729026,9.85405382291369,braking
2.812647434192523,0.5594859191831405,9.583194458435681,10.00308083097534,braking
2.8054108621255742,-0.2411272476146043,11.95849830747659,12.285526208705706,braking
2.080290873638146,0.06073585925544892,9.996460957669315,10.21080460305399,braking
1.9055101507690875,0.13580659928795757,12.122727606001488,12.272324025073846,braking
2.978339005902796,-0.19536423159593685,10.739411052721534,11.146462226930417,braking
3.44058567920485,-0.003642392676300249,11.118871146197836,11.63902653355188,braking
3.483621127362507,0.3715167052703579,9.120867588512551,9.770561211541542,braking
3.1684275506708195,-0.47899783313029826,9.027573728771156,9.579428975486616,braking
3.0720281061678847,0.18982826921048385,10.55815142481642,10.997633971278999,braking
1.7272093000436932,-0.20123082555412516,11.01059376784405,11.147058846700185,braking
0.16859491952691563,-0.7936430056571684,11.331619289825614,11.360628908509721,braking
2.6114435036435237,-0.6328259751307231,9.456671621443888,9.831009309493318,braking
2.6729786080306113,-0.14552761032974748,10.241677048172818,10.585742377529668,braking
1.8131848776358062,0.515947805234758,10.209043523445919,10.381638175250899,braking
1.9981953151591778,0.04822339383461266,9.859823494395112,10.060379185391714,braking
2.7920917111950017,-0.16449887841283645,9.84483229822379,10.234430076212023,braking
3.1493507472287603,0.07892497042372922,10.707352166115419,11.161184063048296,braking
3.685698449731968,0.32266347692953457,9.48380191474485,10.179930429026466,braking
1.6592663666124374,-0.15315638961849465,11.31470446164744,11.436745988675131,braking
2.687025384965508,-0.19137001047002514,11.622354182280345,11.930458693559347,braking
2.0394802611392446,0.1211398387566889,11.370981943402207,11.55306820516912,braking
1.555692192797817,0.4053000881476023,10.324089759945457,10.448505909056815,braking
2.3959711594445507,0.0508146291710153,11.496938785648684,11.744056427162672,braking
2.2144203952110857,-0.15491658508098208,11.440913013625028,11.654275928619267,braking
0.7740686352655082,0.0755088710485357,11.923928764629906,11.949266129167821,braking
1.85566171221522,0.043886268333294086,9.206044972097715,9.391308238100555,braking
2.097027035183369,-0.2687078556327097,10.294837116613012,10.509681134818582,braking
3.3195783200163094,-0.6348938747219859,12.154808282122117,12.615944468410845,braking
2.745630664763232,-0.038913780540147255,10.677167425271316,11.024604585057869,braking
2.3139849243360535,-0.05746506546276584,11.142889359201954,11.380764989016305,braking
2.6459963521869043,0.4304504349843521,10.545566820329674,10.880972559233973,braking
1.5161571634216204,-1.07681785831021,8.646910507623819,8.844621561775591,braking
4.787843238531066,-0.7905224028657428,11.7444871955878,12.70753115414265,braking
3.8118560226022273,0.5445221357771446,9.071436522171693,9.854831874222443,braking
1.344430659225956,-1.3653394908306866,8.81721792884023,9.023024865717158,braking
3.148080162230827,-0.21579806440599666,10.184918036789293,10.662529386995775,braking
2.4935665232558333,-0.5472684919693966,9.278201420979736,9.623013998559653,braking
2.125363387047539,0.968123901873115,10.682518443972963,10.934835788533944,braking
3.839545864959062,-0.19502439867521448,11.936166497608177,12.54002462612521,braking
1.9879430905510564,0.028184117853659155,11.349024927927385,11.521852233494668,braking
2.3516191991990705,0.2848795503704766,9.799324724238703,10.081569037969086,braking
2.213270233388032,-0.6560400492909224,10.878122688252708,11.120364512593707,braking
2.9870880694852717,0.26752576721009963,10.98844826777505,11.390358225470834,braking
2.669809846370711,0.545454678497747,9.864462625837374,10.233915590750955,braking
2.3955362788478594,-0.039259083082893484,12.6856588646515,12.909921617468944,braking
1.3714938012467521,0.4882314746814644,10.359310496168872,10.46110315290708,braking
2.658842560707141,-0.432678928571148,10.054205981275423,10.408828595561157,braking
2.3309181816780047,-0.7983386761494478,10.69382351633168,10.973986769171976,braking
1.4122282927636614,0.2362730226367572,9.478754597544071,9.586292422650738,braking
1.5045134016320876,-0.14514469182764914,11.664105545479506,11.761631933254078,braking
1.2624199966752412,-0.1580937549279692,10.426101070059474,10.503441407769552,braking
1.493142683246712,0.19572393728254678,10.869368571356732,10.973192610728933,braking
4.1844752871297075,0.43560416590694956,11.491943265500831,12.237824334228884,braking
2.765004581354658,0.47064779843882787,10.19938656514024,10.578007656938558,braking
2.906962242071321,-0.008485881034195808,10.70334523092876,11.09108203104867,braking
3.7836976133334272,-0.16608020583794333,9.706513219458275,10.419229776880558,braking
3.7961178619770592,-0.040883361538954395,11.71271514759409,12.312590239261274,braking
1.18786061092684,-1.0277391091784418,10.897383989695637,11.010006281851123,braking
0.7174233365788498,-0.312780983144704,11.499265252797116,11.525867843311064,braking
3.3096607164679934,-0.9676457761278763,10.00732337206992,10.584739650995976,braking
3.2606101829534597,-0.5446277466767118,9.390829505392189,9.955695703815703,braking
2.3251496462060595,-0.3787507805227519,11.267206381712995,11.510851952792756,braking
1.4177732389956283,0.12955095136693764,10.321455313555878,10.419179631618945,braking
2.7999104162036064,-0.2612784785161443,9.483032301203178,9.891191354319458,braking
1.6829089680795892,0.09813990964390586,9.784418312065672,9.92857773007764,braking
3.7203987841281743,0.46927011551909503,10.627658202107202,11.269813681471323,braking
3.3480046054967207,0.26098178352828927,10.931723222025829,11.435900442586043,braking
2.2814835125510724,0.2488310292003437,9.62995175200081,9.89964921828035,braking
2.3895875460056466,0.17114574837617383,10.509773423192666,10.779367185232138,braking
4.524518982570881,0.7830095332941301,10.758244332492774,11.69718757097135,braking
3.0798341975548813,-0.296390381398915,10.762075352941032,11.198012852510715,braking
2.5448673371702055,0.5337044636427574,10.299421097667235,10.62258279164634,braking
2.704643756250717,0.2986689377392723,11.053435269182124,11.383441141965623,braking
2.1462796503527044,-0.5342428762999839,12.45037247976536,12.64530373985908,braking
2.9421284588287886,-0.939479886653846,11.601684201315408,12.005741069701983,braking
2.23629500487573,0.4765126871051109,9.308763320277274,9.585465781209791,braking
3.3442184672537003,0.08557796637527862,11.592430903350634,12.065470359418583,braking
2.2658635501854594,0.04040493565738594,10.698227363775798,10.93562247491773,braking
2.6920428659888542,-0.027069141893234963,10.939850036928359,11.266239228830788,braking
1.998937778808743,-0.14883064264712517,10.309145126268092,10.502208150584178,braking
3.427510603344352,-0.09792843465433683,10.812124595957675,11.34281522342953,braking
3.0815454591127254,-0.11399766852754427,11.379809500523828,11.790207044544228,braking
3.180896195810367,-0.008643310214085853,11.801222774515608,12.222398876205856,braking
3.324536318128182,0.08033486381137223,9.896207920298362,10.4400156428366,braking
3.3847599024381023,-0.1364367096800069,9.547764078639705,10.130894011599558,braking
2.2204640273375356,-0.13498359710396599,10.7054760604862,10.934162004919733,braking
1.3385382438312516,-0.010116001686588686,11.155881163492253,11.235901009605339,braking
2.8330118900907886,-0.11616808322296246,9.96441767670904,10.359974470473711,braking
3.393124856339039,-0.23529679665739206,9.211763761427388,9.819636066044907,braking
1.6558182900250666,-0.34552443971092855,10.772430489531315,10.904420204660262,braking
1.9847863435949735,0.06821588516361052,9.994649790814226,10.190046843745744,braking
2.854394063318907,-0.41542558302224286,9.251165425641386,9.69041823743032,braking
1.5037408103232006,1.2376394344332369,10.24862858294683,10.432036024932547,braking
3.2878524590775906,-0.23639485053449447,10.462326500432477,10.96932687632534,braking
3.600968372853444,0.2465532167404919,9.289450925081477,9.966025295998048,braking
1.5326707296067612,0.23954923559429758,10.901080017272513,11.010904092972803,braking
1.2820496659015752,0.685579548455111,9.124067994576476,9.239171360720238,braking
4.74590419096921,0.6322440413228404,9.061891490886598,10.248961728402067,braking
3.4479182876669503,0.6947568929616234,9.43446169508355,10.068758371057708,braking
0.6736354280954897,0.027589660000886963,9.211787550598487,9.236426568575405,braking
3.3394973833495127,-0.2839243487130024,10.997550444693836,11.496911393621154,braking
2.4430975752454764,-0.14237020849539495,10.998959760593982,11.267923981532844,braking
4.540237002863224,0.30095638549126685,10.534181649058542,11.474899119534696,braking
1.530350966202798,1.063324514328647,10.467516144389963,10.632098914870696,braking
4.810568970321152,-0.0077417772499916255,10.170706668488595,11.250995862134609,braking
2.0001370980235658,-0.823191238729638,9.920359196026043,10.1534092207785,braking
1.8522409913464473,-0.678724424471641,10.328908930624985,10.515599042923945,braking
1.72330502213169,0.7566505633829393,10.63245430213016,10.797749059931805,braking
2.6485018068118746,0.02472250596720924,9.2074517385582,9.580831933650932,braking
4.781015140288641,-0.6675023434311956,9.160941559400218,10.355023679591536,braking
2.494565507660271,-0.17683719102875883,9.63923417328136,9.958361507371304,braking
3.1448540688934497,-0.250288399386321,10.593658527839219,11.053431702505954,braking
4.269914857358909,-0.41431921768963437,10.156243199684592,11.025112663115095,braking
2.7842313478447593,0.44182486327455045,8.988674414006681,9.420372664027012,braking
3.6422514114713422,-0.6266867758410852,11.013806526195658,11.61734332176893,braking
1.5601469647078545,-0.26241083114612734,9.774011791508217,9.901223383821394,braking
0.6014430870846363,-0.06951925983039378,10.93549309584186,10.952240682330455,braking
2.049685549724173,-0.17258451684687678,9.784847515880445,9.998711775885685,braking
-2.7302877693024854,0.9866275591734328,10.259264537115465,10.662101766829947,acceleration
-2.0205854192223747,0.2497205908632902,10.117433156420288,10.320250940965911,acceleration
-2.1516482375804222,-0.763876899500262,9.265486010003732,9.54265838524297,acceleration
-1.486012526701848,0.8823908385650256,11.151220453333046,11.284350420840871,acceleration
-1.0515874498052926,0.6147197284746138,9.522301797143726,9.599893125709814,acceleration
-2.0161304861711526,0.31428198519764516,10.825044729877423,11.015677405740215,acceleration
-2.49906487009149,0.5610170392750159,9.395604294246182,9.73845189942116,acceleration
-0.6230042711234383,0.47103464999372335,10.46387824136141,10.492986029408861,acceleration
-1.9401232268983126,1.2463226044366884,9.121057272899044,9.408032947719981,acceleration
-0.9531242971284337,-0.6056562287076471,10.246281334149424,10.308324139824467,acceleration
-2.1874573429573747,0.38508371147555026,9.16347304776465,9.42881208791495,acceleration
-2.042700565244777,-0.43487428157476427,10.112065334493312,10.325483357649066,acceleration
-2.9253423609777958,-0.2732618017817869,10.817707778152903,11.209598633080223,acceleration
-2.9045892025755196,-0.17983152280504758,10.941142696330619,11.321553838311308,acceleration
-2.233226255888858,0.08772301882647554,11.6652675642986,11.877435000230495,acceleration
-1.1412916652899499,-0.14290518930926585,10.78239489817155,10.843569905640285,acceleration
-2.9752069240242083,-0.7007115540444286,11.053508553498407,11.468343571108925,acceleration
-2.682484497964036,0.1079543595997043,10.284397559747214,10.629026784824113,acceleration
-2.2371118607596863,-0.757289561934625,10.001086193153846,10.276180321552326,acceleration
-1.854901609163981,-0.39996191282923155,10.21529814734737,10.390040700141254,acceleration
-2.110947438183096,0.20831923257496035,9.367543715563812,9.60470568275944,acceleration
-2.8769593668537965,-0.8297065790678221,11.630952153876217,12.010177193182209,acceleration
-1.8702528864045862,0.20784201507739314,10.903468991292417,11.06465906417416,acceleration
-0.44550157891242637,-0.36289790751983375,10.374456095984378,10.390356386361498,acceleration
-2.351983207238435,-0.12114890412735725,10.961036754200798,11.211192121761343,acceleration
-1.9976089434801143,0.2237622955417431,10.376366943846872,10.569271593129582,acceleration
-2.123282251393864,0.4452789686545471,9.634097318997288,9.875344653778974,acceleration
-1.0881758594967792,0.12529540468338604,10.905200321039894,10.960073890336458,acceleration
-1.2958690649345281,0.29739831802384875,12.028233972924081,12.101493085583394,acceleration
-1.386745302474468,0.3788140316757574,9.848059858412109,9.952429129584264,acceleration
-1.5835697290319413,-0.020635255561170827,10.893900794707545,11.00841466449225,acceleration
-2.0941231291497586,0.6009224227396216,9.798196856804843,10.0374857949036,acceleration
-1.5712175685015948,0.19663374524334337,9.274394769267753,9.408601799075011,acceleration
-1.7260537292145275,0.4722617172443911,8.939254806272325,9.116609517642667,acceleration
-1.2335759362360155,-0.5154063808952993,11.063046682322064,11.143534233947745,acceleration
-1.767959451991492,-0.6994597984196659,9.239028775762545,9.432633638218952,acceleration
-2.1303230421877806,-0.7795425204334544,11.363237061646256,11.587455256630378,acceleration
-2.609323497884419,-0.0043294064750463695,10.824412765230116,11.134473475313007,acceleration
-3.5557150472418324,0.43273620322693523,11.74344009296635,12.277571231145629,acceleration
-2.971705758438926,-0.26013592070891695,10.771326768904256,11.176769934757338,acceleration
-2.627513839782413,0.04136105113293045,9.525820639650913,9.881639467901987,acceleration
-1.2612590671065922,-0.49908293731276865,10.069259375665746,10.160208786590356,acceleration
-2.431415769328914,0.8216165124299646,10.325871709945181,10.640040550067708,acceleration
-1.6038854503671622,0.07281774529764944,10.45404763438964,10.57661868954428,acceleration
-1.3364024605830167,0.5042686882914993,9.601080213406076,9.706750213686414,acceleration
-2.7200825299007456,-0.09282257172328372,9.79790121223341,10.16889045884444,acceleration
-1.0167981524025183,-0.6920140611547527,9.77132829558852,9.848432291676371,acceleration
-2.0529018833243864,0.6783265451403725,10.133175890786783,10.361263758732397,acceleration
-2.266008298744184,-0.19545743754464784,9.767123695219288,10.028444669916821,acceleration
-1.4352384580349007,-0.10618623175390728,10.241436776751787,10.342060345958174,acceleration
-2.596776869161589,-0.18042404948528848,9.988012347378417,10.321637156828807,acceleration
-3.6551133117486043,0.3791675326066994,10.488750432673843,11.11384303373143,acceleration
-2.2918466107775526,0.8591940187129786,10.672785841665267,10.949846248745928,acceleration
-1.6887190771603269,1.008248356535027,10.808237252393644,10.985732992115297,acceleration
0.11006882717665611,-0.6140665180357701,7.872606388996795,7.897285874992862,acceleration
-3.5106797143512916,-0.06489515525098173,10.184718131056055,10.773001756566952,acceleration
-2.0284565428306496,0.012162555209392679,11.770910614662668,11.944417967079014,acceleration
-2.7270999449110676,0.06787905873360651,11.037172297685062,11.369294349471962,acceleration
-0.38063526296823147,0.6429591713021676,10.393698080955573,10.42052011645465,acceleration
-1.5999610342034791,1.4066165013874572,10.589785914997664,10.801944779456516,acceleration
-2.241334884272522,-0.6304599213184512,8.887300833233056,9.187229064099292,acceleration
-1.0830046235707893,-0.8520643534772526,10.682505266800215,10.771018125152173,acceleration
-1.8186811062337274,1.2397340555831295,9.621502277996138,9.870048002934382,acceleration
-1.0006489297785026,0.3529879044928661,10.066372434617252,10.122141706862594,acceleration
-2.567673795883253,0.2197094737471293,9.877390650193949,10.20803933336165,acceleration
-2.1600642821022458,-0.6702486213944322,11.621356954863785,11.83938547348028,acceleration
-2.859908301254692,-0.35343781838735466,11.20908919571736,11.573576559586044,acceleration
-1.852470672933746,0.17259493977867343,10.430801046838798,10.595425762377374,acceleration
-1.4987669458995025,-1.2843899769484206,9.322021996404047,9.528696346953627,acceleration
-1.618519241198256,-0.37975876402828884,10.140810640922403,10.276179334170376,acceleration
-2.46338998395371,0.5329792919215801,10.381400307165315,10.682969132047175,acceleration
-1.898247101865876,0.3586716599099143,10.429235632098239,10.606646184783967,acceleration
-2.4212929020480645,0.5602242815963623,9.931197512434395,10.237440822499616,acceleration
-3.5330257349093253,-1.0476249244827944,10.921048354129914,11.526017784958205,acceleration
-1.20745266956895,0.2417173224941741,9.331917155224954,9.41281291672286,acceleration
-2.175243417970396,-0.05881057770392151,10.541632590425635,10.763882212426765,acceleration
-0.904620133903191,0.12975194297330928,11.54060347327069,11.57673104467042,acceleration
-1.2106782097235347,-0.8280553171145755,10.827341596971754,10.926241045904852,acceleration
-2.3047977949441876,-0.019161967167962916,10.158352803552242,10.41655373614532,acceleration
-3.0628974459727463,-0.7206446779232284,10.972515595777622,11.414760970600682,acceleration
-2.971202666104486,0.2972030034737279,11.13782872459965,11.531157947355387,acceleration
-3.228114222373529,0.6502641593885781,10.074167627879405,10.598698896765061,acceleration
-2.598669424766048,-0.15579321905164745,11.632596364201387,11.920346155995123,acceleration
-2.0091310350289993,-0.11135123796615859,10.983751197915877,11.166548123383151,acceleration
-2.4275022683535674,0.2024272926435201,9.596892593359833,9.901216668680345,acceleration
-1.770380534720088,0.9335876458279088,9.9170001401156,10.11695235281906,acceleration
-2.917440220928965,0.24116999788507498,9.461035784651619,9.903576047521037,acceleration
0.09179761321140045,0.5955062198193141,11.028045293530063,11.044493535503806,acceleration
-0.727442344883497,-0.22266955195801785,8.81111788822371,8.843899170313659,acceleration
-2.639746093572557,0.3255990567868055,10.710802085698193,11.036102369193065,acceleration
-2.0147398593892016,-0.05949061130925396,10.820219234498374,11.006355442036849,acceleration
-1.9916591481254853,-0.2882586171855735,11.396435664391149,11.57275010726924,acceleration
-2.2067458065576386,-0.3458330120399793,11.414637252234602,11.631133699131752,acceleration
-2.655459392367055,-0.2260265022331337,10.382109101192711,10.718709901536224,acceleration
-2.14702037908238,-0.08798116859747274,9.761865911124287,9.995572182771392,acceleration
-3.0143539457279136,0.34819775043234497,10.415974529966043,10.8489675449986,acceleration
-1.0065545448251727,-0.7966958696075013,9.651739536027847,9.736732122826472,acceleration
-2.3245949684317413,-0.04730847415116109,10.226720171700915,10.487696855328107,acceleration
-2.7689354014513468,-0.2202715581462029,9.80749159409943,10.19325336607845,acceleration
-3.485844170274815,-0.08004040600533184,11.44842768054287,11.967623506889437,acceleration
-1.8994545205424032,-0.9918389289920848,10.66267633648682,10.875860361063355,acceleration
-2.2899246166252443,-0.4426229985103791,11.576120132566599,11.808735207135873,acceleration
-2.1667532215941403,0.44224978467377635,9.292391776022932,9.551908150439429,acceleration
-2.00557583634685,0.17732370971496197,10.80242954119039,10.988460407434168,acceleration
-0.6554105481870343,0.44453135996042104,9.938046948734222,9.969551056687992,acceleration
-2.06530490248147,-0.6743839825137378,10.944357332279782,11.15792254466356,acceleration
-1.9136955619869485,0.10046012151766161,11.18075710932005,11.343793566421892,acceleration
-2.6769632759436535,0.11292683321838783,9.448716576377022,9.821259073617476,acceleration
-0.9768469670361373,0.006724576316290835,10.5429997647958,10.588159389498188,acceleration
-2.8194348032863674,-0.15999902215995532,10.602880343243879,10.972505815456286,acceleration
-1.678667739519546,-0.27963199563501223,10.05129211300982,10.194341203517759,acceleration
-1.3786857844643943,-0.9884732011345697,10.206444553960331,10.346466266059728,acceleration
-1.7825863720982424,-0.45552170023315525,10.722479097182982,10.879185272018288,acceleration
-2.8374001305620076,-0.3720065771739524,9.287952538090906,9.718811179573523,acceleration
-2.6636832108532995,0.4614800442534091,9.668358659751881,10.03918977072478,acceleration
-1.8767757723242002,0.2561951206710177,8.921015458772082,9.119892546246868,acceleration
-1.222417078195563,0.6344360210154529,9.50830123786976,9.607528558786683,acceleration
-2.0670993508049817,-0.2884007455287948,11.532691726325993,11.72002786560629,acceleration
-1.5304508968565729,-0.2222821429618671,9.96137892497616,10.080712245954052,acceleration
-1.4857569486310982,-0.5769185642060489,10.278620427248931,10.401458870158079,acceleration
-2.0130319135738657,-0.47831001480025376,11.26942727599408,11.457795123157178,acceleration
-1.5374784541240782,0.47545644904259704,10.853283616460466,10.971948965027186,acceleration
-1.8126684450111106,0.26346381125209256,10.986972946345075,11.138615470295088,acceleration
-1.5926723500445281,-0.8188498956896629,11.699094033265338,11.835367403061552,acceleration
-2.2724597724164415,0.22637139741944665,9.788015970371783,10.050899166894158,acceleration
-2.2456505102050124,-0.22005276067167345,10.975828863681341,11.205364281284377,acceleration
-0.36519511843058683,-0.19391233903677796,10.6930402790905,10.701031720353326,acceleration
-1.637552805622623,-0.12175676725767157,10.288823412195322,10.419035037320594,acceleration
-1.4528746888488957,0.15095907988883686,10.331986773118466,10.434729713087616,acceleration
-1.7810259871995338,0.2577890721241473,11.513846338722434,11.653633179592479,acceleration
-2.872440213268331,0.18862060290770497,9.989042094989836,10.395549648100442,acceleration
-1.0772756009225046,-0.7759737561402379,10.609720586585174,10.692465988534664,acceleration
-1.1555415731144112,-0.6738535046627703,10.269571788569252,10.356324618006115,acceleration
-3.659749993877666,-0.5138142135735396,9.053229240246162,9.778483253562685,acceleration
-2.4553525834497965,-0.6767003230536448,11.114366357780595,11.4024479464385,acceleration
-0.6331493359866804,-0.19259972079136914,11.101092898999685,11.12080196237351,acceleration
-3.0262008131588725,-0.43667729675155914,8.617281787864728,9.143638435247032,acceleration
-2.2892761626201104,-1.0534846226227903,10.873226794240725,11.161437009535904,acceleration
-1.0792329338660016,0.862726862081668,11.358477956992527,11.442205332171916,acceleration
-3.1727898735894193,0.22029873418348916,10.241351218678417,10.723824033364233,acceleration
-1.3236058772394723,-1.1995629090641378,9.286006053262943,9.4562567706414,acceleration
-1.6915444453788626,0.38032315936512506,9.993135166838439,10.1424217413271,acceleration
-2.656840069570157,-0.3640121539734975,9.226650724854991,9.608453965231925,acceleration
-2.9508590414891405,-0.6018429078586405,9.541702427543282,10.005691839361399,acceleration
-2.4051424538066337,-0.7154569593106859,9.926407027887581,10.238659353988933,acceleration
-0.7058126752028466,0.003280729406031745,10.782893285708523,10.805969179423027,acceleration
-1.0061779356498564,0.3816665098456585,10.085394092212583,10.142644495306087,acceleration
-2.25783361381806,-0.18358807439205413,11.04379311907638,11.273725367672592,acceleration
-2.356296473800389,1.0208007809615762,12.057765040151583,12.328173630767765,acceleration
-0.6404339808682835,0.03961344919042828,10.52629213795047,10.545830981135884,acceleration
-2.5054479765397923,-0.029688181408293372,9.204579315035868,9.539519449010461,acceleration
-3.4211632202472053,-0.05251070780815411,10.782524106995828,11.312380000333834,acceleration
-0.6016533848767782,-0.1985302985578335,9.99108732369256,10.011155127388113,acceleration
-1.346714786412385,0.35374903171707134,10.805165814213911,10.894511800261611,acceleration
-2.0762230920543367,-1.066179307169814,9.363735648595128,9.65023242931423,acceleration
-2.3177106635713702,-0.4068249953896285,10.55381416769836,10.812968268852767,acceleration
-2.2739870642519935,0.6100672795966601,9.374438933031495,9.665573162681898,acceleration
-2.066376132967117,0.3525342003630241,10.950091832396412,11.148932766109784,acceleration
-1.5561195359661621,0.0313217590314498,10.214248511589416,10.332151843605038,acceleration
-3.1214614784567907,-0.2640991261060203,10.009875437149875,10.488606979821297,acceleration
-2.160641529092319,0.8084617312838466,9.267713506749958,9.550523327618464,acceleration
-1.972026174514306,-0.2976136190369393,10.267728002555046,10.4596223370473,acceleration
-3.0659033350952902,0.10390390440542786,10.774221916842912,11.202429075645927,acceleration
-2.5962518817200646,-0.5388172034043578,10.914821005374545,11.232282287735867,acceleration
-2.6836503184963103,0.030306574144657202,9.866308662342067,10.224820005310992,acceleration
-2.4515238165373994,-0.7105626872321797,11.242606388468268,11.528706205015558,acceleration
-2.163963571130202,-0.16660338016962772,8.891871972505381,9.152916595211018,acceleration
-1.7769373158056117,0.4238216107328302,10.460490851428661,10.618804068012995,acceleration
-1.7409021846525148,0.9278370502595582,11.189901420429553,11.362460816535016,acceleration
-1.87500571378577,-0.718765519962128,8.652358821345429,8.882318586536387,acceleration
-2.2597001310071043,0.7025589721491781,10.292317062458832,10.560853389078083,acceleration
-1.3962473748924766,-0.5851149992568119,10.02403599470718,10.137709993752761,acceleration
-2.5341422119061203,0.5433307975477606,11.250054619857448,11.544731008364995,acceleration
-0.7034840698597824,0.5120384896120477,9.166929413225066,9.208130544168101,acceleration
-0.769366814824318,1.2207208934315281,11.506338716481395,11.596461333260757,acceleration
-1.732726010300617,-0.061602060842611786,10.426427690006175,10.569603995211924,acceleration
-1.844118825730728,-0.8598822912781725,8.94561724924848,9.174107028388116,acceleration
-1.6610508803585202,0.04590154846546867,8.714501014822487,8.871511985937543,acceleration
-2.08937061267699,-0.45919624406375154,12.053057786153708,12.241426908005497,acceleration
-0.3820923532521494,-0.41410134708559404,10.628207174793365,10.64313216315578,acceleration
-2.7837263590545045,-0.08294108519624054,10.635658668972205,10.994236989832082,acceleration
-2.2781694619482487,0.530233460871712,11.299521462271102,11.53908093812964,acceleration
-2.2238835391317573,-0.32083645445611153,10.940709941768976,11.169052245201993,acceleration
-1.0001537736230373,-0.5152566288333685,11.952852968891822,12.005685780512298,acceleration
-1.4451450134797574,-0.255972480979488,9.64011829595162,9.7511971973161,acceleration
-2.335729058432261,0.5083918382961787,8.323178177868144,8.659641301820272,acceleration
-2.7098745693001316,-1.0509506563127942,10.160238947152898,10.567798868571757,acceleration
-1.772563111004477,-0.21883008691815892,10.226819177917001,10.381603782038951,acceleration
-2.1872029402341124,0.008346343032535881,10.124326059902115,10.357890930610528,acceleration
-1.767722917015337,0.18610525691373905,9.430539682694558,9.596590966841763,acceleration
-1.542423542947895,0.6361582295009951,8.847426098341007,9.003372492816641,acceleration
-2.856060175448569,-0.3423433562009873,10.211181726408888,10.608605513877169,acceleration
-2.482125757270645,-0.5832123041034422,10.310145036006867,10.620742701433882,acceleration
-0.2618047227535971,0.1938462331562428,11.025917765928227,11.030728926774362,acceleration
-2.0521819342960157,0.46005283321660045,9.276907007597503,9.512313226992328,acceleration
-1.9461288512058796,0.5912240444200476,10.799240861808359,10.989111272871327,acceleration
-1.0491864686003685,-0.6212216491046972,10.694654765210043,10.763937436191291,acceleration
-3.7719568370417864,-0.8002763863663577,9.697371575848921,10.43585723144795,acceleration
-2.604179658198027,0.09223323316301955,10.381714235833025,10.70374930274295,acceleration
-2.3759838681870162,0.6005730000272371,10.730112679511981,11.006421097944164,acceleration
-1.8966968805547402,0.44493821710159726,10.838062438343245,11.011767636994996,acceleration
-2.2995646102089644,-0.5096948277188271,10.045475499192028,10.317914722403755,acceleration
-3.5919809736830945,0.1125187345869817,10.610791054324475,11.202851180814047,acceleration
-2.085427754190753,1.1597106156659465,8.812477749383179,9.12982484571369,acceleration
-1.8755462581333737,1.0647015451246549,9.675534330509027,9.912982786600999,acceleration
-2.266612867416596,0.1586020109374201,10.259486810647324,10.508080610009532,acceleration
-1.1121004497867637,-0.1383358373746936,10.261269343966827,10.322284280320488,acceleration
-2.7770971765742507,-0.012533768028954303,9.315034129828131,9.720199929185645,acceleration
-2.480709123228874,-0.23285466413577888,10.009339701407722,10.314796183486012,acceleration
-2.2001200185413756,-0.22229120353787912,10.12429793856569,10.36297979463447,acceleration
-1.2647223717665792,-0.2679051950387658,9.698444805919225,9.784228509424606,acceleration
-1.5239719703289398,0.4878059204091478,9.564054379997648,9.696988262645608,acceleration
-2.4627732946234846,0.049135097954322624,10.080503344316103,10.377100473317666,acceleration
-1.7312228487521149,-0.05360216926726858,8.758104912794169,8.927732489725534,acceleration
-2.357037749779411,0.5526382038122337,10.468527604649328,10.744817641426168,acceleration
-0.5416853590541981,0.24235511496472606,10.26573539822667,10.282873251011477,acceleration
-1.8528494094382455,0.46016616710469266,9.767491997985541,9.952321526463816,acceleration
-2.584343697457,0.5940977241408945,10.384387979341195,10.717616253528627,acceleration
-2.3142224082767826,-0.3120025825403405,10.607851986305487,10.861836618631653,acceleration
-1.0165348312077662,-0.7340968544942644,10.009307285497965,10.087540512451962,acceleration
-2.721617928315972,-0.2742536924445271,10.178100574663166,10.53926707809936,acceleration
-1.4727319667608691,-0.30493138246537627,11.195184983966357,11.295755371782684,acceleration
-2.104153955521374,0.9380498970713017,10.542766081778915,10.7915391920263,acceleration
-2.831338299816384,-0.04966583212319657,10.435475109448875,10.812866595996393,acceleration
-2.593099075290986,-0.1346680434113181,9.840561524806683,10.177374387320967,acceleration
-2.494967891036336,0.9365944594834975,9.849661605827816,10.203818290628076,acceleration
-0.9205063073297253,0.18681605472912302,8.929693332386217,8.978956237258384,acceleration
-2.3181252670147035,-0.14800631233797992,10.522939398109044,10.776263925792621,acceleration
-1.8270123184930758,0.11990300920422214,9.593076227511075,9.766240947794591,acceleration
-3.3557735509146736,-0.5686489389856757,8.82002590619251,9.45396396897804,acceleration
-1.4564502965787542,-0.4363331021566997,8.636485958378534,8.76929437022795,acceleration
-1.9299274568005926,-0.4011908571379401,11.511983509382707,11.679526463545654,acceleration
-2.096778330016269,-0.18785341559056468,10.492590811188686,10.701692866178513,acceleration
-3.044221453426111,-0.8489757716854962,10.458693969050834,10.925764213851087,acceleration
-2.0505880256562925,-0.10050032213374273,11.340361933757302,11.524704783825294,acceleration
-1.6845847670272742,0.9172511730816545,10.635877683760985,10.807454355940854,acceleration
-1.3545911335991194,0.40548849643446716,10.987642830559102,11.078250449953858,acceleration
-3.659677004829873,0.7261499776736526,9.869780496729504,10.55144997729592,acceleration
-2.307670452074844,0.2711718987739088,9.944134216198915,10.211987192698684,acceleration
-1.9068372681651495,0.034809658430028846,11.019317232625898,11.183138752283709,acceleration
-3.182092639295662,-0.2312436883093282,9.441561370828431,9.966055805962666,acceleration
-1.0263466032365298,0.048900477917976165,11.109762755858629,11.157177380421057,acceleration
-1.9749412162205997,-0.37888059162226584,11.24868295570777,11.427021114370334,acceleration
-1.4409915732592062,-0.8466332954575534,10.387129906413094,10.520727747826319,acceleration
-1.9617846431370387,0.0394364215062796,11.069218442158604,11.241785940748636,acceleration
-1.5075120391211483,-0.41990718990593573,10.740930392891233,10.854330946731102,acceleration
-2.130211350468256,0.587189323757239,11.77687647453822,11.982379195974815,acceleration
-1.5046894284720702,0.1733456731637094,11.105755391247673,11.2085655553593,acceleration
-2.760861358655204,-0.5427854564837549,10.638231865008034,11.004042380287258,acceleration
-1.5794299537808418,0.6364898928089491,10.092416269184929,10.235066414687143,acceleration
-2.206527510275823,0.6174437493191545,11.66793147979704,11.890779009569393,acceleration
-2.266817380270891,-0.447481700222891,12.038538517700191,12.258267028812991,acceleration
-1.6775729044750622,0.5600143085900443,9.450481242556444,9.614544325737215,acceleration
-1.922867893665308,0.4229758232741782,9.242479053405463,9.4498544187835,acceleration
-0.969827694065601,1.4675381732951054,9.27067388960254,9.436081200032842,acceleration
-2.123116873637398,-0.6021198549286711,9.109140812161964,9.372652768273126,acceleration
-1.452864514714049,-0.5523816906566463,10.259505715205183,10.37657931837924,acceleration
-2.421592546431486,-0.21535180592266515,9.762600426428733,10.060758119910902,acceleration
-1.664874336957792,0.39422484797260154,10.722934742889787,10.858570315142439,acceleration
-2.6670155650650753,-0.04138834953485823,9.84748997324334,10.202340113567315,acceleration
-3.468937236836843,-1.0535591009704264,10.998816431332182,11.580909947948548,acceleration
-1.8092408707766063,0.5771137134483958,9.544558966757533,9.731650355240385,acceleration
-2.5515708614093526,0.3066729112919378,10.867062892237739,11.166808767018622,acceleration
-0.7078861488240469,0.8102797421390776,11.446026637066925,11.49648562982025,acceleration
-1.2856877613050601,-1.1139467246360875,10.107618659651378,10.249771963016045,acceleration
-1.9453927367512283,-0.07834481013860098,11.871708274710606,12.030301250147993,acceleration
-1.5642525348683782,0.49990719368054076,12.187908429753096,12.29804476683925,acceleration
-1.8384131974546027,-0.6821901239205972,10.519747545671022,10.700945513103107,acceleration
-0.9259873630216664,-0.4734555721587447,10.553282866595714,10.60440436977328,acceleration
-3.3354471714633585,0.12137281278731267,9.228196918261805,9.813233797047918,acceleration
-2.9117691303770616,-0.40977629684359174,10.243793841471623,10.657468195994937,acceleration
-2.023773909569099,0.4986184956624171,9.22160043239939,9.454215767375835,acceleration
-2.8316887478002957,-0.11873013353025237,11.085651591438866,11.442212601407038,acceleration
-1.8229559079529292,-0.6982978007391988,10.724629508562183,10.900847038500284,acceleration
-1.4577593479419138,-0.16420971730488174,10.890586347020017,10.988944359203398,acceleration
-0.8844585140029468,-0.6828303597139617,11.601823582068912,11.655506621017796,acceleration
-2.2462826233802775,0.3561435424186376,10.616811972579407,10.857684850280567,acceleration
-2.609874729048901,0.18594981747052275,10.026500338079943,10.362274483213742,acceleration
-1.475013528297207,-0.6691214965888619,9.452889217206511,9.590646643403991,acceleration
-2.125584972788612,-0.3978118777547894,10.371201852140498,10.59425285824678,acceleration
-0.6865667008704963,-0.02567797107847048,10.4806665632369,10.503161657457952,acceleration
-2.1713078571980673,-0.04188442251901096,10.379406069018058,10.604169107532599,acceleration
-1.8185438195580423,-0.7185075646108028,9.841820541463083,10.034180899028101,acceleration
-0.8262033405808262,-0.1387782728606424,9.24754443115437,9.285415950574283,acceleration
-2.191318458571562,0.1327157125663338,9.895513661538715,10.136107767429161,acceleration
-1.5674512336402293,0.2430232966784408,10.158754944806306,10.281841553009622,acceleration
-0.9564107961455959,0.3253752374509148,9.638137925527012,9.69093872272507,acceleration
-2.343398701531634,0.8694558224276193,10.572047154626068,10.863500906297682,acceleration
-2.6172877808363797,1.218065195611061,9.0869128497975,9.53445663309081,acceleration
-1.7934415966308075,0.22545368474541908,12.68761454117318,12.815725686432279,acceleration
-2.7597464312354663,0.9387145942325873,9.831545404136397,10.25459265342791,acceleration
-1.1338511142572125,0.7316809769925608,10.706645833823238,10.791350258995378,acceleration
-2.557487678658626,-1.0300831450879544,9.470689439457997,9.863861970392033,acceleration
-2.077634221837133,-0.3877275242441463,9.209772954163908,9.449170040805397,acceleration
-1.1688236216807937,-0.23175499459423837,10.800964592611466,10.866494152529828,acceleration
-3.430604075017331,0.4330815863400981,11.097501641081344,11.623732044991208,acceleration
-2.2617677869292834,0.826364486053649,10.566220071528402,10.837134233078936,acceleration
0.014810202577873799,-0.43169851560831646,10.220925780353467,10.230049206038696,acceleration
-0.5847486929481782,-0.42708534920593866,9.899791293050985,9.926237987041166,acceleration
-2.169461993431264,-0.6045700009424757,9.882211806149488,10.135589790859862,acceleration
-2.867512263371184,-0.21995746107278422,11.852683040059581,12.196602113432322,acceleration
-2.8107956632327906,-0.2093948498674468,8.825353462799551,9.264517375824134,acceleration
-2.665860055215469,-0.5591589784094605,10.159544023106648,10.518355544217515,acceleration
-2.604246279634066,0.26973014983989446,10.086267498232182,10.420539577421863,acceleration
-1.8333372866297835,0.8115067507528274,9.322007927017092,9.535171765858964,acceleration
-1.9927560814604082,0.40797182333167303,10.96136972602858,11.148504118469253,acceleration
-2.1047362611549367,-0.10468372281646732,11.058248300229506,11.25725227932518,acceleration
-2.242719555999923,0.5592821864205135,9.588866530892602,9.863516052513127,acceleration
-2.454209798853734,-0.43257789261451185,11.337026934242108,11.607689222136312,acceleration
-2.414828855845583,0.7343394399656693,11.516702843319827,11.790042289892117,acceleration
-1.8774410808482243,-0.06380818201761927,11.34658073121271,11.501032596513953,acceleration
-1.7084585550432214,0.27652852670775224,11.817925286434368,11.943979937028042,acceleration
-3.1497915392797946,0.4607881071827004,9.580805032482171,10.095807916708564,acceleration
-2.3618760716281324,0.9365151333210621,10.07760557566427,10.392961719901045,acceleration
-3.1555756565697495,0.06950770417761147,9.403598210469855,9.919180830553877,acceleration
-2.4858031449828535,0.1429615683092419,10.322370672437318,10.618426982600301,acceleration
-1.9173723620692236,-0.45118519040802657,12.195119015069011,12.353170145455303,acceleration
-2.34394754839378,-0.22962049432141082,9.635446203847177,9.919104759415871,acceleration
-1.9124962098577303,-0.13313136618654622,9.901774889254666,10.085658712789023,acceleration
-1.8050139900779423,-0.29178817156201414,11.944905233093456,12.084038102762836,acceleration
-1.3514282531682151,-0.39403257206858366,10.775940081175946,10.867497624771147,acceleration
-2.3600155480395584,0.05915636950082792,9.708923452387928,9.991815023676596,acceleration
-1.571009896237291,0.32869318655567387,8.827607648926158,8.972333481784057,acceleration
-0.7593033699393226,-0.22420030634798027,10.913545728510883,10.942224990981764,acceleration
-2.177742522390588,-0.6532943610140803,11.84793213035283,12.064114214537588,acceleration
-3.9249560493460955,-0.053752076247046365,10.052653440205761,10.791849260617019,acceleration
-2.6124794545264804,-0.3428547196249278,11.403813101721312,11.704253565182304,acceleration
-2.8419921192987707,0.22126438293210612,11.357924340994819,11.71018029191153,acceleration
-2.664649225829364,0.054952910683669004,9.875675896630543,10.228995538878445,acceleration
-1.6266304216468273,0.17265105609968887,10.951761981691764,11.073248187385143,acceleration
-1.0475552674590052,0.48947340906291603,10.631507657721523,10.694199892126207,acceleration
-1.422239271700192,-0.4111314591520455,9.672315161106786,9.784961635001283,acceleration
-2.697856333375518,-0.004972710113390748,10.177799787772413,10.52929542008203,acceleration
-2.5705687622632154,-0.2812691643066197,10.952629120532098,11.253755851103262,acceleration
-1.9024581844260766,0.1411367824683105,11.371218879750334,11.530129467878742,acceleration
-1.5243801441684979,0.04097514486584923,10.797565152772878,10.904715815407897,acceleration
-1.9921259648184038,-0.8342548002981736,8.893485227052723,9.151973908142944,acceleration
-1.9929596584458686,-0.19239099382967267,9.337874829571069,9.550120880252583,acceleration
-2.1941074940841454,-0.506750371178158,9.701497098537757,9.959415122748018,acceleration
-2.0839532352571113,-0.7356383298372913,11.239748337907796,11.454953842707768,acceleration
-1.4610970882762953,-0.548836881456603,10.482887813702941,10.598441561781529,acceleration
-1.4012539207025358,0.4856250281337726,10.975260269198149,11.075002582161034,acceleration
-2.497997090203044,0.16015216523034925,10.100232169493633,10.40578339464958,acceleration
-1.3251285195274836,-0.8687044763860724,11.334488392709678,11.444703586595363,acceleration
-2.4497001165272887,0.3763734299431429,9.598478559687234,9.913298052639014,acceleration
-2.0341393003546266,-0.07993868655554055,10.834349806030769,11.023939795113831,acceleration
-1.750599075781253,-0.20054135748624813,8.56148543564574,8.740929402813109,acceleration
-3.6581229841935397,0.5717503924669516,11.033072139215067,11.637759368018179,acceleration
-2.9100806627567315,0.007077196911732924,11.046595029324559,11.423479386437602,acceleration
-2.408035308109144,-0.15959523549991092,10.527825237017177,10.800889264568466,acceleration
-1.7951502091759255,-0.5017109976307369,11.018347093359184,11.17489377436693,acceleration
-1.592938362709695,0.4354367056426542,10.51784395573358,10.646694286452231,acceleration
-1.572586229310763,-0.5002947460772853,11.0619562621072,11.184372965273605,acceleration
-1.355011104967665,-0.06539580334955675,9.4123714282837,9.509630256200962,acceleration
-2.6973226619837187,-0.21101795429164744,11.630013294531405,11.94057315838991,acceleration
-3.0127060882889323,0.6237263082010226,8.569166810348516,9.10472692097538,acceleration
-2.039556569529939,0.6958800371637073,10.619875554666969,10.836318416466394,acceleration
-2.222370531390654,-0.7256874245062324,10.480181224949693,10.737772186290233,acceleration
-1.9582710518806834,0.055325861853048885,9.043256656055904,9.253019907626,acceleration
-1.6940383128360725,0.22986525691330542,10.137582571582895,10.280719052544601,acceleration
-3.456331088768616,0.0029734372473140948,11.274668055760355,11.792555838498306,acceleration
-2.4048835367288057,-0.03783462116634339,10.800399631424947,11.064968526040738,acceleration
-2.3100635845276605,-0.23123865779632374,9.821578326305596,10.092237903516548,acceleration
-1.8931352867270776,0.11269771569220044,10.563110233915825,10.73200632700292,acceleration
-1.0992299092095803,0.676841705470313,11.395638793169828,11.468522336899465,acceleration
-0.7434458042084793,-0.5516996751794123,11.750508180425513,11.78692184981453,acceleration
-2.1503633461015967,0.03702239250328634,10.035915883986977,10.263773224709617,acceleration
-1.6717009468209358,0.2044231114981018,10.553906958414425,10.687437716823663,acceleration
-2.6439757742711745,-0.8115329501783743,9.841557238778943,10.222790348447937,acceleration
-1.263213209987353,0.3662557114972148,9.352098352283154,9.444130158509472,acceleration
-3.238957445821791,-0.32035420767294337,10.225672819322309,10.731162880230887,acceleration
-1.1337672740041842,0.261404704918129,10.88146274570039,10.94349085700818,acceleration
-1.377506941986903,-0.7287248891119471,10.115919518576376,10.235252466136233,acceleration
-1.598085434080316,0.47231956414836257,10.474576567152132,10.606305534276746,acceleration
-2.9507417737472728,-0.48976548661570424,11.21594437953708,11.607935026183018,acceleration
-2.1969028794132335,0.21561410049267835,10.515446213046197,10.744648936162271,acceleration
-2.9314101966682236,-0.5662623428337393,11.258286711149795,11.647439137101944,acceleration
-2.016285989381972,0.06047513767865488,9.980906283529512,10.18270871005619,acceleration
-2.313754680708484,0.06510351819774683,10.744401673209016,10.990899258288142,acceleration
-1.8946428055620734,-0.06573086951517422,9.74041958175007,9.92319331346596,acceleration
-0.13444546912382926,0.6933490255638244,9.619211192836913,9.645104065162654,acceleration
-2.070611124783475,0.2879451774097843,9.882796900011856,10.10148590169558,acceleration
-1.430131506559987,-0.20304064778902825,10.95657213088611,11.051378850171607,acceleration
-2.3469415465721783,-0.05472953548558014,10.54821159574373,10.806289733931049,acceleration
-1.4278894256935475,0.36601810333982815,10.167232632529826,10.27353185949016,acceleration
-1.0413430983705039,0.3632706272876838,10.47680698794603,10.534697226776318,acceleration
-3.0503414941812403,-0.02885271906647514,10.376110238916086,10.815224426735702,acceleration
-2.6048241446017744,0.2367223445842486,10.419064641395318,10.742348639580637,acceleration
-1.7660842537361194,-0.7389289349154229,10.355167092021267,10.530648368729729,acceleration
-2.130806558922118,0.8067693847312818,9.715665991442297,9.979247420970864,acceleration
-1.7038222176231541,-0.27617260786118686,10.53455941332904,10.675028032354698,acceleration
-3.117894949413915,-0.00856469061359625,9.800233381039398,10.284255762686234,acceleration
-0.497868290044275,0.2009303255131331,9.411677512680061,9.42697827687271,acceleration
-2.6400988740124256,0.5469020575932385,10.577432312684135,10.915644655931954,acceleration
-1.2064035709736038,-0.3677041223468271,10.479126926661749,10.554748554216534,acceleration
-1.844300138985763,0.3341436965488563,9.741041863784078,9.919727395679795,acceleration
-1.1527770987317094,0.24576177890327555,10.558520309304571,10.624106786611621,acceleration
0.019086802197999297,-0.023185373135938978,10.291332044993524,10.291375861752217,acceleration
-1.9326557031992089,1.125821534529919,8.483315576160807,8.773213513841567,acceleration
-0.592232532234777,0.01691437319474354,10.357205762859545,10.374137876588529,acceleration
-2.421930305632291,-0.15852315322811056,10.254078534665307,10.537409671761525,acceleration
-2.324947780968207,0.38914153335095036,11.24580339824743,11.49020919693115,acceleration
-2.032060227483917,0.03672016300077273,10.764662257286435,10.95484233806858,acceleration
-0.788376394512526,0.4132461285856594,10.274087439923553,10.312573996118065,acceleration
-1.0737618623797012,-0.09050036938861036,9.299091641787955,9.361317226562253,acceleration
-2.9342952713297077,-0.974676484169199,9.931292366534201,10.401473504158956,acceleration
-3.0915626629828408,0.111357535990957,9.024533312543888,9.540039921781558,acceleration
-3.026306219147319,-0.017377794099791045,9.464270340364399,9.936359715473206,acceleration
-2.1874504249393256,-0.6381404050026094,10.626377385851928,10.867937195466736,acceleration
-2.4482726022936028,0.4501441175548341,9.3975139779082,9.72162216025138,acceleration
-2.2950461771969244,0.3683194421012213,10.67097466335032,10.921199404495846,acceleration
-2.4917635973828314,0.3686569624521991,9.293005380437513,9.628330217750493,acceleration
-2.46176874983987,0.1734748555575499,8.106670361301374,8.47398980705081,acceleration
-0.5650539069285367,0.04019026264357602,10.109363292377193,10.125222335939592,acceleration
-2.4728655134239754,0.03836866426815499,9.606969982617372,9.920202026611683,acceleration
-3.1719154088185197,0.1920045236519547,9.106892990114911,9.645382990384947,acceleration
-1.7622100973737882,-0.6102140673112744,10.499504353759495,10.66383314337979,acceleration
-2.6989996356313664,-0.2852194656393382,10.958065624567123,11.28916079294814,acceleration
-2.9325678639341075,-0.013444830331935047,10.66130199249424,11.057282451633554,acceleration
-1.5876320975243252,-1.040826751110463,10.323667769899403,10.49676198768822,acceleration
-1.5284694184966494,0.058729582299470805,9.55904134925878,9.6806476768838,acceleration
-2.2655938694378337,0.15759588927976168,9.712468190477429,9.97445689732469,acceleration
-2.940882875614322,0.5890869845944593,10.031640583066574,10.47041681841408,acceleration
-1.0866038513442176,-0.11955388209538963,10.3258760504363,10.383579212846316,acceleration
-2.4396495528210647,-0.12633742387973587,9.36924119451045,9.682485819569486,acceleration
-3.116603949770159,-0.5865075158560273,10.891586407437972,11.343891118860677,acceleration
-3.135801391513655,0.5162242426028757,10.802879015703434,11.26063643244002,acceleration
-2.670976428692433,0.09883344500466307,9.556249555980664,9.922992930999332,acceleration
-0.9695161760770177,-0.1916931124934444,9.628726469141393,9.679312025273104,acceleration
-1.3219622722888889,0.6156589482720216,10.609848534514581,10.709598784048067,acceleration
-2.308267582452728,-0.2507082361524909,11.328502442589382,11.563992452593112,acceleration
-2.6586375000814777,-0.2513840728071198,11.347330180603942,11.657334581135848,acceleration
-1.8138102943989942,0.22802310604913187,9.670728725907441,9.841996566299514,acceleration
-1.876512664824819,0.1313527467067911,10.46375277409552,10.631494506545495,acceleration
-2.5837785670680997,0.4899644432674866,10.758070084140256,11.074838543950898,acceleration
-2.2467155211312777,0.2712985332453115,9.872208307925993,10.128268874892502,acceleration
-0.12222557970251113,-0.611901958594023,11.907727492387497,11.924065461587581,acceleration
-1.7489577855030773,0.1520860420715025,10.627898572044382,10.771917728859973,acceleration
-3.157704868729864,-0.6220646573856676,9.348327364155342,9.886824008921378,acceleration
-0.42193066947477664,0.28618802985040176,10.138101428375386,10.150912749615186,acceleration
-1.5620231911852789,1.0757054379131044,10.002045522253061,10.180273732477874,acceleration
-2.7265242797255826,0.6603310946774074,10.228651451288489,10.606379321638325,acceleration
-1.5669250661192997,0.16111828752667548,10.201318904421692,10.32221491033392,acceleration
-2.3907941355256805,0.7197979128598395,10.020952797127837,10.327318170565173,acceleration
-0.7625939240120223,0.46044029882486637,9.956708419083485,9.99647924543286,acceleration
-1.8536534799466748,0.7503648289807087,9.562325204965463,9.76919351460536,acceleration
-1.5834882441023541,0.2219473365281994,10.472265704702055,10.59363226798444,acceleration
-3.840179278267038,-0.04755517468492895,10.402609348841764,11.088891723183202,acceleration
-3.292789712991267,0.7188956671678594,11.136987754900883,11.635796978594378,acceleration
-1.5869049388108702,0.6119014376343305,10.07252323030305,10.215107188825572,acceleration
-1.4749568526363386,0.0187500586028733,9.995023640976227,10.103283964410293,acceleration
-2.129543471865788,0.8829776504833012,10.330184858255297,10.584296109593033,acceleration
-1.8839281502547696,0.332089664899238,9.297702079200164,9.49245662483734,acceleration
-2.4423177424807285,-0.36938394843486483,10.916302362452436,11.192274912862091,acceleration
-2.3019729659997705,0.4967416263727836,10.671365083654036,10.928122644269498,acceleration
-2.030753143468593,-0.1289181556207846,11.234348132314324,11.417143083039232,acceleration
-0.4942905959181687,0.7750596624433702,9.508356399820382,9.55268978348848,acceleration
-2.3299776166204875,-0.04914113970180835,10.044583651414547,10.311395214801346,acceleration
-2.445294053500294,-0.02225539157764171,11.603743617212812,11.858618142285604,acceleration
-1.2642947976371377,-0.3733700817991578,9.486645249567998,9.57780166032196,acceleration
-1.8265142319309315,0.8686790390662836,10.807368892550954,10.994997948705466,acceleration
-1.4939066323147623,-0.4113062289980759,9.508553380978674,9.63397722848708,acceleration
-2.41849223836339,0.12264795981026211,9.686668874161946,9.984773462964867,acceleration
-2.656864645033326,-0.011356166792171076,9.703530676753925,10.06069412611559,acceleration
-2.444917222336196,-0.8820413894685624,10.745688904387254,11.055561825012925,acceleration
0.46318686101571416,-0.19434619321611055,10.640476245501212,10.652325907618051,acceleration
-2.1634483105129223,-0.583808451605114,10.126796913887004,10.371757644465962,acceleration
-1.0713410341712533,-0.5259645142531268,7.794795861360579,7.885635852741151,acceleration
-1.1094840673303599,-0.4884072721915607,11.1533838085213,11.219067115378827,acceleration
-2.396740903251884,-0.34984887366065065,11.172664252232199,11.432199599588417,acceleration
-2.4759046932374815,-0.24703143229005703,9.600045982095487,9.917258262084454,acceleration
-3.828462585612418,-0.03165744365641614,11.480934893039057,12.10247883622916,acceleration
-3.134330685436545,-0.7607933304186085,11.311141007293696,11.762004345525451,acceleration
-2.0016483095782176,0.8052629537046884,9.132944824920608,9.384334049621776,acceleration
-1.981735925610537,0.3291548056638105,10.91376652540619,11.097113135226826,acceleration
-3.2687952052820917,0.046236681636157934,11.118906901178057,11.589531940586253,acceleration
-1.0473050408324354,0.3027162895707157,9.235202878837365,9.299325632206372,acceleration
-2.3010339568402927,0.5451678357518527,10.670404299338363,10.929295180889255,acceleration
-2.8435820818919706,-0.26257453445629403,9.993977858479191,10.393964492837867,acceleration
-2.3313802637980228,-0.21027386500510528,10.821142227379001,11.07143478226269,acceleration
-3.0298905801358984,-0.6820800253579935,11.14362218852472,11.568309538094539,acceleration
-2.897091903703977,0.11132882249205407,10.542714411725353,10.934091767148566,acceleration
-2.5288834438253147,0.2606507407593099,10.81907867760177,11.113759656985993,acceleration
-0.7090204976537497,0.58270521873631,8.98764221555598,9.034377014098963,acceleration
-1.2247188729885528,-0.22183899192421477,10.060703881101551,10.13740161182362,acceleration
-3.5444649042584233,-1.2864693704048753,10.369655691888907,11.03394734747423,acceleration
-2.783096042981582,-0.5647114694650296,9.76986518632731,10.174221758307388,acceleration
-1.083408862362008,0.373542338841836,9.813461366810632,9.880148411832526,acceleration
-2.449409364155085,0.24181142613915738,10.598329361592498,10.880379784539496,acceleration
-2.7573432654598284,0.48137300175882647,9.770838761335657,10.163855171656978,acceleration
-3.079070194380633,-0.06328798866706982,10.498696647200799,10.941083580769229,acceleration
-1.9758834189018335,-0.27169345657837946,10.253991138945343,10.4461603901629,acceleration
-0.9618925938130964,-0.7777877535028878,10.033440305559461,10.10940727821155,acceleration
-1.1928071438232153,-0.7060866426918568,11.241200637092351,11.326338287050632,acceleration
-1.2589287407755103,0.7011916577105344,9.633901120442905,9.741079104168312,acceleration
-1.5487523146638458,-0.39691539125900216,9.836072305006375,9.965164020190954,acceleration
-1.017715943677095,0.07817798693988041,9.35572742124647,9.411242910493792,acceleration
-1.5417185617533684,0.09266992829361928,10.617538074017672,10.72928695638623,acceleration
-3.0360365252277397,0.5456214936981368,9.590927554391438,10.074776024829895,acceleration
-3.0809979473727136,-0.2408491558027876,12.683758737452209,13.054818741654785,acceleration
1.9432677883694778,-0.7452318235733002,12.283838438873657,12.458906330835415,small_pothole
0.7500567076779064,-1.5728473611095437,12.441975804379094,12.563407014135803,small_pothole
1.1500591451070878,-0.21887504182791762,12.544449340321778,12.598958352700397,small_pothole
2.047932998701243,-0.5357931134777153,12.226856915750485,12.408752308989614,small_pothole
2.5123669961875357,-1.5995223795073095,12.946950618570458,13.285104067555476,small_pothole
3.6680849445454387,-1.8272714881449668,16.298614547880717,16.805909806736956,small_pothole
1.663968750021286,-2.027641802881818,15.146864537307998,15.372300692915159,small_pothole
0.622241729608878,-2.783153078668291,8.48791517668855,8.954207384019382,small_pothole
2.3807876987358543,-0.0792335661793222,12.931724569165555,13.149293834925947,small_pothole
-0.5803744971464169,-1.8502606545836437,12.32026481267784,12.471937463816356,small_pothole
2.149658287985261,-0.4450484641536102,10.929180076337836,11.147469490048813,small_pothole
0.4734534098996652,-2.786193291175395,11.984983949734833,12.31368634741595,small_pothole
1.9370968149829282,-2.6144496219129354,13.639548213256445,14.022302462787087,small_pothole
0.5445300593689332,-2.8863316296856456,11.102511261783594,11.484475590122157,small_pothole
1.2308847567554424,-1.7190757981427436,14.547370833159315,14.700214183529006,small_pothole
-1.216904124265132,-2.1478940282224714,14.606809757395078,14.813952736959143,small_pothole
-0.32996103653957176,-1.7030957578468926,15.796303442884184,15.891274709906222,small_pothole
1.1112817066319223,-2.088573889123144,13.806260547122475,14.007495072883385,small_pothole
2.3123783470449197,-2.3258345176681283,16.068327445140874,16.399626419761095,small_pothole
2.660576689897309,-2.6026232007874004,8.651191188732218,9.417824846114932,small_pothole
2.4910324413759097,-1.1505023238757264,10.6017256709444,10.951049512407117,small_pothole
-1.2725743590597118,-2.8453886374518786,14.440529185066515,14.773102759482663,small_pothole
0.03877490051013943,-1.9808481139608172,10.911491147348498,11.089900892350496,small_pothole
-1.4253515077867815,-0.7366179920473043,13.143124464474138,13.24069309649674,small_pothole
1.5807370983578122,-1.318186274880459,15.602853857832304,15.738023806637234,small_pothole
2.0089815818817627,-1.3010243166656588,10.592342835616144,10.859392156843962,small_pothole
0.7317955660539774,-2.067910925350102,13.7931101809637,13.966447966819732,small_pothole
0.2786056700936037,-0.08417346146777116,11.129334784849206,11.133139675952975,small_pothole
0.7931206536033724,-0.8549553766539594,11.70274851675667,11.760710519083963,small_pothole
1.5379591919263476,-0.48628985228431476,14.750243497608817,14.838176422162416,small_pothole
2.224912110319047,-0.5875546112630475,14.079255869818322,14.266075149377087,small_pothole
2.372314825912798,-0.8621941121265358,14.260809284839754,14.482470016499363,small_pothole
2.0098532162247227,-1.5771801112395745,11.953683641227203,12.223647559079957,small_pothole
1.415207877877173,-1.8651609425091684,16.413227411495903,16.5793749200791,small_pothole
1.1161623009297619,-2.3541064945300247,15.41119594435723,15.629862318810682,small_pothole
0.4755155491791554,-2.1876123111910655,17.03815195813246,17.184597313000932,small_pothole
2.226674264109022,-1.5501954093629935,13.726589125015323,13.992156127368094,small_pothole
0.3378315443431965,-1.1398859606160994,12.014363962576521,12.073044834705966,small_pothole
0.713623081076693,-2.0914962753127027,11.369153954546954,11.581937498263533,small_pothole
3.870408311151446,0.48292655427724873,11.248822649608737,11.905851063834405,small_pothole
1.9359075295486574,-1.009163798340829,16.777777710236073,16.919219084489075,small_pothole
1.2268003265992908,-2.5108078108497356,16.71451204018191,16.946507240306307,small_pothole
0.5919808616731365,-1.2464727607252395,13.79102686001482,13.859890242619798,small_pothole
0.21325267777969703,-1.120910469207145,14.698712730260578,14.742932981984378,small_pothole
0.1999230391012763,-2.7942845276988044,14.447082845675187,14.716188297011652,small_pothole
0.39154026713549217,-1.4541069987735469,12.925019226709624,13.01244992134395,small_pothole
4.002096808245114,-1.4204224328005373,17.571208089336885,18.07710520157878,small_pothole
1.2394919324866631,-1.1028846702107284,11.827406981786774,11.943209399458082,small_pothole
2.4694075662901795,0.20726508370200314,9.808923709792,10.117110105553504,small_pothole
2.710995760359572,-2.2773780694327956,10.204568207934948,10.801349970916492,small_pothole
2.624684230460016,-1.1706259675660577,12.516517411428271,12.842217120737079,small_pothole
0.9308656086549536,-2.808531592248089,13.582933248314111,13.901454460386118,small_pothole
0.5865266837340049,-2.325908036878999,15.198684796005516,15.386808677405446,small_pothole
1.8268102492210159,-1.6420117722046745,12.917427189798426,13.14889210353714,small_pothole
0.7409624389226237,-1.8508962683208496,12.560428932960567,12.717673423701804,small_pothole
1.1360804512114493,-2.771102780233419,15.328511835248396,15.618353450142955,small_pothole
2.570112386734224,-4.334091172945766,12.897738663207447,13.84707501966561,small_pothole
0.9703396692970735,-1.9060141931369072,12.159178708315341,12.345852584532183,small_pothole
0.1395496077037286,-2.1309005179584855,15.230765889120324,15.37974124228484,small_pothole
1.663326003252346,-1.363376959217327,16.390401638312696,16.530901850510865,small_pothole
1.197973235240906,-0.003372973553736891,13.830472831334461,13.882259541860785,small_pothole
1.9135941834960934,-2.4063911822000508,15.010398632744451,15.322030816271605,small_pothole
0.9084032484451959,-1.4427867713718932,14.88310070310687,14.980437799618931,small_pothole
0.5906753965268815,-2.642347741884765,11.968528467628373,12.270964619521012,small_pothole
1.479060134420037,-0.46277036743640976,10.837581993384687,10.947828951785091,small_pothole
4.196449882381023,-0.9635394881551262,10.629282092985793,11.468227316060595,small_pothole
1.4050826401367988,-1.378881581725244,9.927210249032548,10.120527405749751,small_pothole
1.5046968298285652,-2.1924840209245082,10.192649508428799,10.533812355143757,small_pothole
0.5945135661913212,-0.6973563448220138,14.082208841552152,14.111993413729282,small_pothole
1.7844511190587395,-1.7933930091885097,10.93730605114709,11.226094064195923,small_pothole
2.020224061912397,0.12188843071368138,14.422154581931169,14.56347159282394,small_pothole
0.8401122206398721,-1.3595148687951355,17.346758733705713,17.420221232439587,small_pothole
-0.009964592066271205,0.020521753796919562,13.401534438680361,13.40155385567695,small_pothole
1.191565439641395,-2.67061749092991,9.530376920373437,9.968957328838119,small_pothole
2.211649471983917,-1.6657454844043622,13.906797894656878,14.17974361857693,small_pothole
1.3930509867771619,-2.8334307880344243,13.721860664065254,14.080425461127357,small_pothole
0.4430246761594523,-0.224124808634806,14.37364183239525,14.382214096567832,small_pothole
2.348014799142075,-3.012533836272093,12.810862552279895,13.368123763082155,small_pothole
2.393508675061742,-1.552590596326129,15.622599560277086,15.88096465452165,small_pothole
1.7660654444029635,-0.9247093767125878,12.457805365893655,12.616298550675756,small_pothole
-0.08506347094833355,-1.6706177718240118,11.001684946880433,11.128129726240592,small_pothole
1.431335566091642,-0.8105994555192935,8.392971102865303,8.552646193639667,small_pothole
2.398451461589124,-0.28924599233379533,13.832374718168502,14.041752846475662,small_pothole
0.44498774199564717,-0.5615112117155073,12.85046480263998,12.870421693763479,small_pothole
2.3170526327972425,-1.2186071060679025,12.328044812456449,12.602953030145203,small_pothole
-0.12647636668860351,-0.7273467240287089,11.905799907967868,11.92866719197303,small_pothole
0.8279480861705657,-2.3094909304458184,15.277861528694679,15.473600075004326,small_pothole
2.353146962255121,-0.8725559464110386,13.383216345048107,13.616502276427326,small_pothole
-0.5846759869955767,-1.4652979114097797,10.978206417407527,11.090985534304828,small_pothole
2.133608126053793,-1.9359965879921202,15.572328982373008,15.836596741709826,small_pothole
2.5420338992177234,-1.268493211855439,10.358891467998603,10.74139859697375,small_pothole
1.896710923592325,-1.656335069174553,14.835222706306617,15.047418082008864,small_pothole
1.3635085287993254,-1.6459858571070294,10.494831503041492,10.710271389051588,small_pothole
1.1635635230872783,-3.4107439169080918,13.596510165187725,14.065992421832096,small_pothole
2.4473393690708645,-0.259850585246578,13.318179238508426,13.543666067320697,small_pothole
1.5988424348559365,-2.5017135285322762,13.317056880356978,13.644004971598354,small_pothole
2.6444374531048225,-1.8145311550104406,13.235232434458277,13.618257977804042,small_pothole
1.1354140965899644,-0.5652778571735324,13.444735654850271,13.504429682713301,small_pothole
1.5570149915344647,-2.099967603394238,13.517897101570219,13.768358713652434,small_pothole
2.873545790043468,-2.5285292652201923,13.093421003475715,13.641422184904714,small_pothole
2.3811059720761842,-1.504604535815666,13.45432356522061,13.745992981851277,small_pothole
2.931310790655548,-0.31181821700153667,12.877323776688268,13.210423202968505,small_pothole
1.3166461301495649,0.009307085941628879,12.37052941384252,12.440403596050635,small_pothole
0.9313412931052177,-0.7251745054368364,9.591090799065393,9.663451628869225,small_pothole
2.380165007870443,-2.3663422132279486,11.92968847253397,12.392829700536732,small_pothole
2.0312069375077773,-0.8593955149228028,11.07307059869742,11.290582569459664,small_pothole
0.3035282503591459,-1.3688576709623042,12.673129851805585,12.750455715888915,small_pothole
2.018940749505116,-0.2659757520024202,10.530258539859524,10.725353596359888,small_pothole
0.08153434131869775,-0.9057752781644772,12.499292290976198,12.532333560778106,small_pothole
2.3483570664278646,0.9740995212498536,12.91308172666009,13.160977565064977,small_pothole
0.9542701617743817,-2.1307090042639536,15.332952176700157,15.509673589585258,small_pothole
2.2521268769721186,-2.734917519969337,8.33525966092202,9.056953291588142,small_pothole
1.885307223765885,-2.8736756038494047,13.164815859236292,13.606056423951154,small_pothole
-0.06124830654158142,-0.37185971816367136,14.403556806130887,14.408486376871318,small_pothole
0.8953280221628511,-0.370565422310314,9.978187730389983,10.025126502064065,small_pothole
4.204326566399412,-0.8817891461186533,13.33219491329994,14.007188696571676,small_pothole
1.2744587297559915,-1.4812955755016501,17.099142054177623,17.210436967863362,small_pothole
1.32793642950578,-1.1418375517655326,11.49887328394443,11.631478622928446,small_pothole
1.0495192876115813,-2.309965059634408,15.397216181726709,15.604861276494171,small_pothole
3.0226275121462383,-1.8266929880459588,17.40461126219085,17.759323679063353,small_pothole
4.600652599080828,-1.1465627128005529,15.577903148111917,16.28347864811966,small_pothole
2.03699481611827,-2.1472752736859375,13.308201544070343,13.633354954649716,small_pothole
1.7492410302064845,0.3173824533260794,10.898844118895243,11.042888160776354,small_pothole
0.6128808127077212,-0.6792021462977103,13.053689656029395,13.08570793201688,small_pothole
0.5293477354152551,-2.5706022899571574,10.954732908561626,11.264740487736294,small_pothole
1.09880071542639,-1.9830873966977638,12.936387291495437,13.133549207686691,small_pothole
1.203840874145109,-1.2332790845580621,11.646444340712838,11.773269551487935,small_pothole
2.178795567945776,-1.4006132191987553,15.449998461883105,15.665609467521037,small_pothole
0.16995898374391616,-2.08056564935286,13.218187996609483,13.382007823609033,small_pothole
2.247068993400264,-1.2669816818136195,11.882952290057645,12.15973341693552,small_pothole
0.45245119733989947,-3.870287217546897,15.521220204388495,16.002878236910973,small_pothole
1.9521633680250314,-1.8316604206012959,13.27255488339465,13.539816647376703,small_pothole
0.900778473519505,-2.0033989915423405,16.571208871670184,16.71615903388663,small_pothole
1.329076112785793,-1.818958900083839,14.897859338657367,15.067224949146825,small_pothole
1.51566838995496,-1.1477290606977417,12.710172525478988,12.851576490552421,small_pothole
3.010008934719364,-0.619617590144902,12.224899674430871,12.605246994605357,small_pothole
1.7019129420063477,-2.317391606909173,11.962174869798476,12.302863046363637,small_pothole
0.4965391204320382,-1.436308542504604,14.350665237228535,14.430908705912827,small_pothole
2.674432613232567,-0.6898715533682448,14.234864517734723,14.500340699484674,small_pothole
1.7129121415023878,-1.6404535867160492,14.15644683551817,14.353750136515831,small_pothole
0.40341176484956254,-3.199624760234983,12.368135719354894,12.781671284722911,small_pothole
-0.188589054753602,-0.8605936131725507,10.292193072188153,10.329831820209082,small_pothole
2.969731158728229,-2.2182720571524492,10.397988070393142,11.03893971297528,small_pothole
0.3141052535353639,-2.42160926254234,12.472414485874909,12.709208340340938,small_pothole
1.2056849325040349,-1.9109991714865038,12.090471988600408,12.299801091766502,small_pothole
3.174994146102648,-2.1290897995014566,13.250991703097235,13.791388339020802,small_pothole
0.9843743561500687,-0.031718671968508305,10.197737261133774,10.245186391389543,small_pothole
3.14945294102336,-1.0099355301377244,16.493280966526818,16.82163311463994,small_pothole
3.1781954113491233,-1.2584911786305943,10.004803367217201,10.572644727602091,small_pothole
1.5167965301054513,-2.1781439847986572,10.106777999477604,10.449494938176631,small_pothole
0.6970391628821555,0.6462217555874681,16.053430425209257,16.081545154897903,small_pothole
1.7463293749476412,-1.3012143456084235,14.862713050228702,15.021420181609352,small_pothole
1.4938103644209582,0.2686915434387702,12.959636791682458,13.04821253362684,small_pothole
1.9500595442290098,-2.818990110172851,14.21293415401763,14.62042867817944,small_pothole
0.7475607178803862,-2.7684238596790047,13.229411984882812,13.53663027342916,small_pothole
3.1232710921851856,-2.4219193531618997,12.245845014563821,12.867837261529903,small_pothole
1.4251476209249814,-0.11487653486266391,13.133237636413288,13.21083544573138,small_pothole
2.6838581776707264,-0.27599409527808216,12.768382131793196,13.05031990879818,small_pothole
1.6829001427943364,-2.278300748920202,16.451858812785684,16.69390504312821,small_pothole
0.6670823980127963,-0.9678404896409498,15.67953096984492,15.723530315213976,small_pothole
1.7422268679851127,-2.7869014727874246,18.183835475385067,18.478475231317827,small_pothole
0.3449679467613187,-1.3837243759191695,11.197520479926617,11.287965314049368,small_pothole
1.5593180378620088,0.574200657130105,13.811815707511109,13.911413741101263,small_pothole
1.6567041875363897,-1.285941624956413,12.880057451585223,13.049681780945166,small_pothole
4.036552621260801,-2.0686750358996586,12.400539585433387,13.204035575469431,small_pothole
2.478632690237815,-2.5274782139416203,12.917632164360613,13.393916039336254,small_pothole
1.1316661874954885,0.7928075946267368,10.668035938134667,10.757146602112998,small_pothole
1.392445072159148,-0.9415672333060966,11.909153153636053,12.027193395409236,small_pothole
0.04134266827042121,-1.46015353754575,11.047839349981091,11.143989944019948,small_pothole
2.595101996065412,-2.0732962618945914,12.547102750520654,12.979325837334224,small_pothole
1.8810076840320087,-2.330579849586294,13.003188595055967,13.343639158088722,small_pothole
2.7041909107782054,-2.826546040133487,12.690936878122422,13.280131394056967,small_pothole
2.6011063375396954,-1.6550777164015322,11.324644864765013,11.736806113230578,small_pothole
1.7996520020886027,0.39727154875068416,9.910807131930046,10.0807078133623,small_pothole
0.8259617969749318,-0.13034470323999026,13.06911446234099,13.095837333347387,small_pothole
1.7052481767457952,-1.4629091693413625,13.696981519782618,13.88003160426173,small_pothole
-0.9447705078581925,-0.8309331969296936,12.735556556043328,12.797556098039056,small_pothole
0.8499520537832976,-1.8368754938925225,11.62788745212186,11.80272412085474,small_pothole
2.0124652495087054,-2.03926101408819,13.398161729751722,13.701070746501667,small_pothole
1.6235198479875073,-2.5460622514316036,11.826431221832795,12.205847988964793,small_pothole
2.337408780690903,-0.6973876866331044,14.971323084336715,15.168729158670867,small_pothole
-0.41334062655656734,-0.7053766812429432,14.634912916820467,14.657731162049672,small_pothole
0.48534822881286344,-0.8426368964668088,11.14547294840438,11.187813329069842,small_pothole
0.9935663698674061,-1.518349453536464,13.676734722843312,13.796580441305515,small_pothole
1.6426954721204745,-1.956637662299805,12.239469137797364,12.50325894040227,small_pothole
3.43183987870626,-1.5996434308176628,12.434702793843469,12.998392886432356,small_pothole
2.6777671547465385,-0.2603834466923671,14.508914983244143,14.756247845077596,small_pothole
0.9088359687571511,-0.578341640424903,14.207148086678632,14.247930327874728,small_pothole
2.1476465771784126,-1.4689131409414904,12.531752640395421,12.799020113905375,small_pothole
0.08160103889008274,-1.3791016331032342,10.158974302372417,10.252479647394532,small_pothole
1.1917171241832056,1.6397062504570152,15.85504926546021,15.984098770403968,small_pothole
1.4520758730192125,-2.4181776400971917,12.121831535583611,12.445678254604683,small_pothole
2.651206523911429,-1.682036986265742,13.423793775963635,13.78609385559218,small_pothole
0.2081146974976651,-2.3732587165732646,13.23344830589299,13.446182459265067,small_pothole
3.679561448017031,-1.2881313919472845,13.571208041075508,14.120061707613242,small_pothole
0.5345193345936686,-0.5113372408748555,15.675609132346628,15.693052550828629,small_pothole
2.101607718777324,0.3086036883392036,13.53923628399124,13.704849885855223,small_pothole
1.1517931834561574,0.41755727778392093,13.780235535221603,13.834589730955907,small_pothole
1.7940596259235027,-0.5030922129365484,14.213584601867556,14.335192323458122,small_pothole
0.9382467335826837,-0.4573907028772093,14.900395954490671,14.936911085922652,small_pothole
1.4384964931793605,-2.2939401339148078,11.215039507762398,11.537267642710983,small_pothole
0.8598487734796297,-2.3880633712895665,15.251426148636943,15.4611832065297,small_pothole
1.3797171277897515,0.006168858795511545,12.062093111505403,12.140747408547849,small_pothole
1.7837394186046835,-1.9087609230240579,12.955481267608302,13.21626231012753,small_pothole
0.8218230774130028,-0.40105759769501015,12.703115976243694,12.735988217375803,small_pothole
1.106682730713811,-3.13024430749015,14.249234742901823,14.630921599453503,small_pothole
1.7442603029855113,-1.1849467764134045,8.632763665232574,8.886571406749814,small_pothole
2.1977876866059445,-0.7322034385238418,13.606191842689473,13.801987141381215,small_pothole
3.569496270235355,-0.7689179704552969,17.0549004064155,17.441392328058697,small_pothole
0.14624395223815578,-1.836928492805543,14.392668835340306,14.510155401821965,small_pothole
1.552675421177603,-2.7869939377586235,9.667464588290809,10.180275425472983,small_pothole
2.280690121482904,-1.5295259767728207,14.835583697968971,15.087595593841163,small_pothole
0.8292960065349694,0.7141878661999379,10.349524028081863,10.407230360788883,small_pothole
0.9607337192981726,-1.2030377144977087,12.478950403770737,12.573564021456693,small_pothole
0.7674756749157463,-1.831403187518315,15.284725316189938,15.4131724358815,small_pothole
2.2888202019562107,-1.3846010825984512,9.301221781450229,9.678251117972701,small_pothole
2.475819739545384,-2.855191753180166,12.48580868571942,13.045199188457687,small_pothole
1.3046957102599674,-2.8587570085846763,13.393711440164902,13.757406320702566,small_pothole
3.6111787760661285,-2.95650143346123,11.57079900452475,12.476574148454363,small_pothole
-0.6028754048662841,0.9956119145693336,13.94495276769295,13.993441661414549,small_pothole
-0.042469815987056014,-1.1949842520352179,13.513876248221973,13.566673958643662,small_pothole
1.2106021976868906,0.5908513982256114,13.097050576175892,13.166145861668811,small_pothole
1.076566919816789,-1.615715460179475,9.457156741774089,9.654395186628205,small_pothole
1.3201316246540087,-0.7077050410196879,9.724677780045655,9.839357288827863,small_pothole
-0.09559168927443973,-1.35964428396559,12.884959393282234,12.956849498103724,small_pothole
-0.10504033961885795,-1.2720603900383336,10.56638369156389,10.643196673283787,small_pothole
1.015360535654962,-2.676188882467099,12.51408647034639,12.837262330392434,small_pothole
2.427909804898438,-0.26659942460980235,12.0784989733702,12.322984976199121,small_pothole
0.5435971529190576,-0.38558098907342997,12.31400014614338,12.33202214411796,small_pothole
2.4307115977790508,-1.7604543137519637,12.463924177341944,12.820178008160203,small_pothole
1.7465301929148844,-1.481167929059191,14.251972966928575,14.434782977201273,small_pothole
1.764471710334853,-1.2010043911637158,15.890881080889676,16.033585796419462,small_pothole
0.25598231079815537,0.155845789071408,11.485027184915893,11.48893660404086,small_pothole
1.1611254740388033,1.1144415880150953,16.627893722689056,16.705599123425703,small_pothole
1.8903182429495775,-1.7665549320792628,10.44465928341264,10.760340465536368,small_pothole
1.284154632151812,-1.6293448559840347,11.086241659683054,11.27867775565428,small_pothole
3.04514101213981,-2.503370311920353,10.76063781983073,11.459977006608327,small_pothole
0.712555965802525,-1.3980862667852576,13.065347211318969,13.159243100045483,small_pothole
1.8351992670770456,-0.7786462626194475,15.829183526627304,15.95422506647755,small_pothole
2.09724817993217,-1.7678476963101935,12.836097884283133,13.125895942771907,small_pothole
1.5420471541209404,1.1214207558947378,13.767045565363617,13.898454501709248,small_pothole
-0.5113442888436968,-2.856040371080555,13.982274590086131,14.28014153625738,small_pothole
1.9086387657532882,0.40058755777450195,16.074983442116977,16.192852280988514,small_pothole
1.0809262689512198,-2.178544220130438,12.96345335890985,13.189601188307538,small_pothole
1.9732793791268393,-2.535878938655497,11.790457703753226,12.220450333911494,small_pothole
2.1731687570491647,-1.770056428390023,13.211161929012237,13.505204986259253,small_pothole
1.4831548552334095,0.3108542990718701,14.357539080561732,14.437288774895075,small_pothole
2.414814194915946,-3.6981943311323118,14.087093588492925,14.763271137445969,small_pothole
1.515537445909642,-0.5591759785631046,15.731202033098263,15.813925791248398,small_pothole
2.5996866565027235,-0.0707062590978258,14.521925486892021,14.752955294920335,small_pothole
2.1830460215066436,-0.8193444620729105,11.058005821645109,11.30117286086195,small_pothole
2.956417178460163,-0.8366377412443622,15.020370059308972,15.331401826374332,small_pothole
-1.0329640709729637,0.4061086137502754,15.03443105115926,15.075345966515824,small_pothole
-0.19688586345843828,-1.0090587136661902,13.183808798026957,13.223833708640942,small_pothole
0.13475291785931254,-0.21692713086571414,14.023070566784194,14.025395675345006,small_pothole
0.04495403648292373,-1.355299504316047,16.351081138166656,16.407215242042287,small_pothole
1.859512117580405,-1.8686507649424355,10.426291035052103,10.754403086380766,small_pothole
2.406838641365696,0.8862710993711287,14.052482335866907,14.284628399332027,small_pothole
1.4796458144443803,-1.129582445394201,12.632215319759837,12.768640182960777,small_pothole
1.6740461023115805,0.7546489175666193,8.952301608050336,9.138688605207516,small_pothole
1.4865016609732433,0.01773451871943932,14.707933582553224,14.78287225034524,small_pothole
2.2307202307587066,-0.7658235031451411,13.036331114422856,13.247963138186758,small_pothole
-0.6351336141728305,-0.6072376897717771,10.604725477569406,10.641068309824032,small_pothole
1.4524213771271783,-0.7929015333930305,12.555885853769102,12.664457756701314,small_pothole
3.3746915717627717,-2.685971525248613,10.256813549209376,11.126778977863184,small_pothole
0.7561591708940754,-1.8069150240064298,13.199604862475692,13.344148047784815,small_pothole
2.4284642557891445,1.378846811524055,10.29814115649435,10.670068811885814,small_pothole
1.655724797671349,-4.068532184079306,10.991419033779673,11.836624143506755,small_pothole
1.7804327452625093,-1.402714516443485,13.855155323291582,14.039333239423422,small_pothole
1.557371078286179,-0.8504151876928867,12.22312040469583,12.351246216258202,small_pothole
1.7219381905779252,-0.5666860086915543,9.52878821045593,9.699691176751013,small_pothole
2.3675813987702674,-2.519564310425933,10.004646076644466,10.58520614410001,small_pothole
2.8651560840254895,-1.3429687695900199,11.576709900708796,12.001370614521138,small_pothole
1.7165964124842161,-1.47391486453351,13.558134658940098,13.745622710564962,small_pothole
1.8095254550607087,-3.4058422896062615,16.40502054141693,16.852265219800408,small_pothole
-1.2421903851097347,-0.9883793499866135,12.220623716481654,12.323293987898403,small_pothole
2.691201591940377,-0.641295534455861,10.928072586452304,11.272825574173753,small_pothole
2.733936027578536,-1.8980493638600677,15.561074362149895,15.913014575965809,small_pothole
1.532641360627284,-1.327001206922885,15.191338380175829,15.326013295194658,small_pothole
1.1353142467289579,-2.161752032006559,19.157070033043603,19.312054332402017,small_pothole
-0.6390010661439072,-0.9715756223046833,12.281335198262605,12.336266688284335,small_pothole
2.7740121436085277,-3.4615779063717644,10.66303750260283,11.54894080670098,small_pothole
2.0979234735899968,-1.116781134369536,9.714534449816849,10.001033075627836,small_pothole
0.9684668057153296,-1.8548857438831714,11.869146437615177,12.052185122797713,small_pothole
1.771138586763187,-0.42692235588126104,12.367897399455659,12.501363152669983,small_pothole
0.11937536884961686,-3.1672711264713422,10.955122690618396,11.404410113362683,small_pothole
1.19734150069021,-0.06364112172887348,12.598299538272695,12.655229279538636,small_pothole
0.7436845163510705,-1.0544308857632434,13.372864962541925,13.434969611394484,small_pothole
0.7905771349084002,-4.205130814755608,12.897420405034271,13.588656684148052,small_pothole
3.1947587667832558,-1.4865272991264833,17.219000194277562,17.575841791490884,small_pothole
0.9757335741226129,-1.1898533901349906,12.47686475091756,12.571394557103636,small_pothole
0.6198203209548897,-2.735588362027623,10.96140730834538,11.314595489728173,small_pothole
2.4027902567044856,-0.38459286126802095,14.559975864854144,14.761917554023512,small_pothole
2.5147672242842383,-1.8644539857936802,12.477395767299946,12.864122511516701,small_pothole
1.6623857676550904,-0.9199869595552119,11.016831783608906,11.179467115859737,small_pothole
0.5854596384036151,-0.39335985272888563,12.823804275500084,12.843186950997513,small_pothole
2.5989322358602016,-1.8544277394975741,10.81252505238366,11.274043153014611,small_pothole
0.32366065206574457,-1.345794469215309,10.07625712468505,10.170883767590325,small_pothole
1.128581363505978,-0.9450807579586219,14.827396661202664,14.900287422790225,small_pothole
2.1618283255373942,-0.2994601091302259,15.375951806714655,15.530069929928446,small_pothole
1.5503419474956195,-1.013635969647944,14.188197137247261,14.308597277110012,small_pothole
0.9835640158960774,-0.28343141385305337,15.873816634277485,15.906784278363398,small_pothole
0.2962834983478875,0.3962314672949212,10.969441133813874,10.98059297466561,small_pothole
1.2182866388991833,-0.7808475815519496,11.051152393289037,11.145488526746318,small_pothole
3.1738295049573253,-1.707463967560146,12.787593805319581,13.28575109871104,small_pothole
2.523533580774486,-1.4097172918279757,14.40158980313747,14.688815930292288,small_pothole
2.3109698029825756,-0.5957211712221963,13.24389447973187,13.457199044913171,small_pothole
3.013256389806787,-0.8391012943609792,14.255172736893872,14.5943055611287,small_pothole
3.086975852278437,-1.3334077106831685,12.171288785403426,12.62725887646035,small_pothole
-0.030734294964752884,-2.580793621098368,12.581334709794483,12.843341597554293,small_pothole
0.3116710162779317,-1.3857601775375894,12.081467075210037,12.164674955847397,small_pothole
2.075897617222231,-0.6488987859892387,10.976953358594248,11.190349663366234,small_pothole
0.7704455647039566,-1.698615129158675,11.144646194300076,11.299646831706994,small_pothole
1.809531008502534,1.0449936099155563,12.55215345834654,12.724895699273043,small_pothole
1.756742948967588,-2.7067105250314496,12.760095922096811,13.161780867199356,small_pothole
3.44493412997674,-2.7074299709496743,11.92593655806606,12.705341829108404,small_pothole
0.9745653073462401,-0.8456440150754991,12.958942108116453,13.023020843876031,small_pothole
1.4796124463438654,-1.4879372136442242,12.596071970308342,12.769660889166575,small_pothole
1.5802048228845411,-1.6900621913782108,11.468032218571405,11.699107677903708,small_pothole
0.8761200672133609,-1.1259052876647615,15.556529864631855,15.621807530441162,small_pothole
0.5981817945057264,-1.9134186654388454,15.407552173743827,15.537427600319365,small_pothole
0.1325104309389291,-1.9437234789416737,15.779605806918038,15.899420725253426,small_pothole
1.0676596433826355,-0.1732219831895876,14.331675772342003,14.3724331069274,small_pothole
3.2183666962878945,1.1597662909641502,11.809057349342652,12.29458325936652,small_pothole
1.27099998644129,-1.105568335019596,14.890614220352392,14.985596890624432,small_pothole
1.094831949142254,-1.35358397196543,11.730934600030649,11.85941285039949,small_pothole
2.230416750223033,-0.64934665508051,13.018921795747723,13.224550452924092,small_pothole
1.765055306700561,-1.7846995132986687,15.171792409080865,15.378031652091371,small_pothole
1.0632253097304776,0.16678196533914713,13.973154170206717,14.0145389416698,small_pothole
0.4411535573752414,0.5820332934419745,13.351146088180586,13.3711062026969,small_pothole
-0.40020207825826715,-1.54945846154959,12.354599032218296,12.457812828679002,small_pothole
3.215702597634576,-2.5188218012206125,11.271903732404343,11.989204319525502,small_pothole
2.8672773332146178,-0.5806743004483642,12.368961974231421,12.71021959954864,small_pothole
0.1845908087337249,-0.43607407120211217,10.969008781381529,10.979225291807653,small_pothole
2.784805356329309,0.042265303115681,11.230125697624644,11.570334930888443,small_pothole
1.5880202759526645,-1.5415346821806315,13.6108609198806,13.789621914814616,small_pothole
2.4597997482923657,-1.2587251158576642,11.677487489984992,11.99994657478716,small_pothole
1.7856472489049768,-0.9573691605630952,13.362181133806176,13.514916812905838,small_pothole
1.8364849509127614,0.08164082945085549,16.27379969421687,16.37729827192066,small_pothole
2.142566324449761,-0.7746892164853514,10.916406116023701,11.151621242077965,small_pothole
3.157654949642015,-1.9193586911849043,12.601801184332581,13.132407077755083,small_pothole
1.2286484803724607,-3.1764620354482016,13.309882835437019,13.73872152873135,small_pothole
2.279563143321221,-3.973256374259872,12.353058441535877,13.17502285386959,small_pothole
1.9945276045374647,-1.9214176088073214,9.970343374436974,10.347837116850847,small_pothole
0.65903324575668,-2.028481555040135,10.542139113056919,10.755731463605585,small_pothole
1.6326402981885995,-1.5005299937704768,11.461955733529933,11.674482165940976,small_pothole
1.7108576942079214,0.29061664676986854,15.710599122175584,15.806151234975403,small_pothole
2.092666159430637,-2.068456239986493,12.568974788645196,12.90879119473097,small_pothole
2.160855917548466,-0.7426325083142608,11.864111106188707,12.082132828221994,small_pothole
0.7586415253860334,-3.008857210785085,12.969580183146997,13.335620300758894,small_pothole
1.1452353257017027,-2.8590548505713835,15.868267809664918,16.16439549964856,small_pothole
0.42344025941472574,-1.672872905369204,12.363205873202807,12.483055109788147,small_pothole
2.162369541001719,-2.4168912725342695,17.711658796068814,18.006111816921113,small_pothole
0.10287621704711825,-0.22823579463435562,11.491364633251976,11.494091361579681,small_pothole
1.114974700553833,-1.1658022189675141,11.490578377694785,11.60326052670419,small_pothole
0.2725588114727209,-1.141501945616953,13.102814046908627,13.155267041965537,small_pothole
3.492677763586662,-0.7591206856063604,10.882183878346632,11.454125376374904,small_pothole
1.4526761743649217,-0.6892794506942138,14.476138548505347,14.565162597933444,small_pothole
2.355350063950973,-0.8030029936539425,12.048309303529939,12.302611300252362,small_pothole
2.0349584095643496,-0.9693742380562017,13.053446024453574,13.246629580968381,small_pothole
0.1417884008489887,-0.7820954983754228,10.912174153556686,10.941084136261132,small_pothole
0.180050084259608,-1.4361830800711892,13.358495487570936,13.436682684493883,small_pothole
1.7040351939227993,-1.6654224050259272,13.155181618097686,13.369224776868144,small_pothole
0.14650479219427148,-1.1977177198571605,12.904068477931494,12.960361672181103,small_pothole
0.8348804874832084,0.05413277810128592,12.519248207355538,12.547172249691164,small_pothole
1.6877299573258195,0.06584181844237946,16.280096652328897,16.367477342678114,small_pothole
-0.16855797619271895,-1.7641268117465894,15.428080090394856,15.529527052518358,small_pothole
0.6051085252543336,-0.05284641405782464,13.873749185524568,13.88703948052492,small_pothole
-0.026023690057574766,0.13274120730035932,14.682246478128635,14.682869580060993,small_pothole
1.713002626292521,-1.6220766169127836,12.33022333786556,12.553880599657813,small_pothole
2.6169240576713992,0.7280531059654656,14.450100929777452,14.703189100650256,small_pothole
3.06076794231617,-0.5695815835139418,12.102594444285268,12.496620177465315,small_pothole
2.360182115269295,-1.6402912448652502,11.817712668261144,12.162209819551649,small_pothole
-0.5170282432717226,-1.3047981884644135,13.555249814723329,13.627714924246012,small_pothole
1.9096380577600574,-0.4055091580971947,13.665819822350334,13.804556733408344,small_pothole
2.65335098491237,-2.5414228194546213,14.038225063905255,14.51106006952069,small_pothole
0.9920225828820133,-1.9907114681590108,15.720568244064427,15.87713156935769,small_pothole
1.609722582787517,-2.122141308355585,13.67950425616512,13.936410126736545,small_pothole
1.5288622329573889,-2.272035946305025,13.496451405691317,13.771483856681993,small_pothole
0.7096860426993039,-0.251354377433629,11.718507595158002,11.742668076720598,small_pothole
2.545777334360774,-1.9132721154119956,13.525872284651234,13.895712053883907,small_pothole
0.8224082778757275,-2.1432987663531424,12.761533395938015,12.966372645925716,small_pothole
2.6783839631465165,-0.4809602107210482,10.467497142182902,10.815431558654721,small_pothole
1.9063437252690791,-0.9576972227878415,7.476436999987334,7.774859521829828,small_pothole
0.319991919154506,-3.7146099670535833,14.20716944719849,14.688239708592322,small_pothole
1.209384595043941,-2.4290527694418884,12.901419885973803,13.183684747810956,small_pothole
0.6371652345883697,-1.8967599209673436,14.462889484406436,14.600645532719104,small_pothole
0.623006788830576,-0.991296244785583,12.436535995501707,12.491526458814576,small_pothole
0.6228034010964498,-3.37811339057762,13.449006580303418,13.88075329919316,small_pothole
0.5158267755912128,-0.7541494018173585,14.531528919024323,14.560224974467893,small_pothole
3.525033575745195,0.5270974490428166,10.664588715231705,11.244427326278819,small_pothole
2.8822544393216702,-0.9141683869499246,11.432272358042189,11.825394105954508,small_pothole
3.875598440503912,-0.2783329745442451,13.100647963457616,13.664725009278497,small_pothole
2.768653314651566,-0.4770707505541235,12.888317642785296,13.190973024727786,small_pothole
3.6044055656449503,0.48798651945265537,12.432989217843788,12.954114837218317,small_pothole
-0.14628579403364128,-1.7922305734140656,10.561410450427225,10.7133972513022,small_pothole
1.824521121413099,-2.9247832458469887,15.165258069581085,15.55211518330108,small_pothole
1.2439855565552467,-0.7603060384085072,11.595470389471057,11.686765972246496,small_pothole
1.1560767087446202,-1.2812910594693279,15.92851768843752,16.021731987723573,small_pothole
0.6717647492960158,-0.38118627518978454,14.647956802201739,14.668306287160696,small_pothole
1.6395236532682942,0.06346166986098911,9.907869946751353,10.042805986122923,small_pothole
2.2586660921290935,-1.8610011270702205,15.603860840304117,15.875936849026159,small_pothole
1.3550105760889537,0.425702565401773,9.890596931290052,9.992056044315742,small_pothole
2.4293321077075545,0.3722491617582282,8.903814644375146,9.236781861089815,small_pothole
0.9483275744455704,-0.8726523093747742,11.393376881102753,11.466031745828966,small_pothole
2.8407956303653084,0.1342279157999957,13.809785156246962,14.099585206969088,small_pothole
1.8203140967900238,-1.7417331820980122,12.094162634216465,12.35378272884348,small_pothole
-0.3142644679448483,-1.2996722161205139,15.650459861242181,15.707476051024903,small_pothole
1.4970353268906809,-1.4803030507938377,11.354093110099257,11.547633621004419,small_pothole
1.1178576094247346,0.4285275473730805,13.066059672598227,13.120791015091433,small_pothole
2.8999088224470366,-0.8978407413184128,11.994266344046686,12.372470016419857,small_pothole
1.1185827314905636,-2.6237717431655474,16.391411522950946,16.637721514743294,small_pothole
1.5394575480718924,-0.3104384722759769,12.109914442506438,12.211319723609344,small_pothole
1.213577479946323,-1.4808210298163937,11.722921285144245,11.878235756199965,small_pothole
0.33358436202291974,0.22955242013722676,14.365312915303969,14.371019031188295,small_pothole
0.4130715643381948,-3.327659289605143,8.703647358037864,9.327240845932934,small_pothole
1.753862522699492,-1.4564634671630656,11.15777395182408,11.38829395211216,small_pothole
2.628020607758367,-2.0633884805925966,12.594291595055822,13.029974870195973,small_pothole
0.09960715888981064,-0.41490336376584336,16.324169616227767,16.3297452535776,small_pothole
0.312415227878724,-0.9822573842631718,12.010719281608987,12.05486667305632,small_pothole
3.362885147972084,-2.653900938554619,12.272706035446733,12.998903805421554,small_pothole
2.1468756373102442,-0.6215236758855278,11.972061583898457,12.178900822751606,small_pothole
2.0587339226503008,0.49242199270788056,14.632935392065525,14.785251535619452,small_pothole
1.6788309712714145,-1.482758107712257,14.984557666137102,15.151040013341484,small_pothole
2.197992406882672,-0.7608602457063811,13.359275138031538,13.560247458945497,small_pothole
2.4643963621206977,-1.2614692932148335,13.320685918629664,13.605338200505575,small_pothole
0.25075330184019773,-1.0111743466679202,11.275931486426112,11.323956096008091,small_pothole
2.037441751695791,-1.2392140978615862,9.60966223691678,9.901132701843588,small_pothole
1.0561688663219768,-3.3211466649479178,13.512314340251663,13.954502738329778,small_pothole
1.327924085907143,-0.001196642477439669,14.244569297362757,14.306332104255628,small_pothole
2.1407143587420125,-1.0768394763049138,15.480167178253224,15.664540117415553,small_pothole
1.0071772663604275,-1.8905585612663087,7.3322375466716085,7.6387384534536515,small_pothole
0.21761666843394045,-0.9719911709675387,14.194499796895997,14.22940435629333,small_pothole
2.377992835030299,-1.2506069422837638,11.757288553891431,12.060377348450183,small_pothole
0.5919586520829905,-0.6403168619835011,12.677445097550237,12.707400793668107,small_pothole
3.1007318860583966,-1.482159094134175,10.458703112387838,11.00889661149631,small_pothole
0.9562356384271162,-1.0858096576347454,10.289848723408403,10.391070972688066,small_pothole
1.6769050927545928,0.29581343512377156,10.936168121953939,11.067939712075937,small_pothole
2.1170233843946846,-0.4060980378183118,13.64669421025776,13.815895428624106,small_pothole
0.35571347739927917,-0.872323712666775,12.692912144821037,12.727823830248028,small_pothole
2.6126203156677907,-1.0342448274351685,9.781361484030583,10.176958276331561,small_pothole
1.4125316489467576,-1.0575905225974187,12.207509507896154,12.334384125611587,small_pothole
1.9757799689644393,-0.35939919902185535,11.650857735465454,11.822662992831772,small_pothole
1.1211577085719466,-2.294572731091259,8.151734440750678,8.542413770023005,small_pothole
1.422357329037934,-0.5634902649559784,12.475211620429695,12.568672428887316,small_pothole
1.0720805779079576,-1.8423593936638394,12.338510930010091,12.521281758307628,small_pothole
-0.3222037532434572,-3.280950387458983,15.02373690938234,15.381193758155074,small_pothole
2.542323687763979,-0.05270351055952571,12.327438748725895,12.586974755555037,small_pothole
1.5804194191452483,-1.686657492940291,12.085270513459264,12.304320477880562,small_pothole
1.8955281588090338,-1.592562877605143,14.560818060705598,14.769790320682764,small_pothole
0.0012175872087836215,-1.0981055196443745,15.058495090946357,15.09848044072143,small_pothole
2.658530410927721,-0.7334918733080592,12.138493975067767,12.447844402015674,small_pothole
2.555486548483805,0.17168337394963062,13.029561741771575,13.278910567626017,small_pothole
-0.04709993715137584,-0.5028880108881293,9.079811080982534,9.093848691390674,small_pothole
1.497432912744014,-1.5332979015293935,11.443956287958557,11.642913866541727,small_pothole
0.7398669454179825,-2.5146580831981216,13.75194047291967,13.999527675712558,small_pothole
1.4627669781746027,-0.23285623477424466,9.824387909272904,9.935416803052549,small_pothole
0.2499378415350988,-0.3655921888634155,14.189166807241696,14.196076262718465,small_pothole
1.463712101908652,-1.4960320925643367,12.082992571530681,12.262922760211854,small_pothole
2.5500806770842863,-2.9337257551388314,14.830729901195024,15.33167334860105,small_pothole
1.7051928109695849,-1.0069255964649046,12.862243501740936,13.013796124785246,small_pothole
1.0797968681372494,-1.5622237913776826,10.83273069749076,10.997934297637176,small_pothole
0.8677311339386199,-0.9965474938499295,11.761975957438668,11.835968175509356,small_pothole
1.9011183992695149,0.5797687380084249,3.6407495502989864,4.147944098660834,small_pothole
1.4912623345301794,-0.7987604562158771,12.38253307963052,12.497560045262704,small_pothole
0.9754240232231792,-2.717151180368645,11.797943179831016,12.146020987820695,small_pothole
2.1672517386362196,-2.7526859340742513,16.114224480053053,16.49067889881472,small_pothole
1.3635339330385796,-0.0261422118115755,15.640525363836698,15.69987075929624,small_pothole
1.1690186453659106,-2.171944327038034,12.086056336234163,12.335181576109523,small_pothole
1.305658426493891,-1.472144814700738,12.79518345072382,12.945604420798649,small_pothole
1.9272593680865777,-3.329929845667933,11.616030072778717,12.23662192358034,small_pothole
1.456151825282808,-1.2340376778215973,13.682374544630143,13.814868812554852,small_pothole
1.0566397329668005,-0.4371801971990006,12.972285194599793,13.022587961697173,small_pothole
1.0653996164553476,-2.217301589750612,12.578366262891317,12.816661052165507,small_pothole
2.296452812785756,-1.3770475276643201,13.861437284686481,14.117698077664594,small_pothole
1.4970203567877496,-1.9315416012494693,13.02566473454154,13.252919100434946,small_pothole
0.755583524090992,-0.5358464629269674,12.208162776635996,12.243254317155625,small_pothole
1.3616493809258403,-0.9824464916853983,14.579876165524922,14.676241996766146,small_pothole
0.9066816324181272,-0.7459763659093159,15.502156997144091,15.5465566568666,small_pothole
2.38000659183556,-1.124725130508591,12.69608136350394,12.966106585443848,small_pothole
2.048092772713844,-0.9218021003817144,14.657193329115126,14.82827432323019,small_pothole
1.540354236852847,-1.8194368330389472,13.03290440644837,13.249137286330406,small_pothole
1.7070539191054892,-1.9478644613856737,14.970510930087217,15.192906455004701,small_pothole
2.9005139704077516,0.0818490749960008,13.961291426663248,14.259640208077796,small_pothole
1.4572857450262118,0.4793509956182034,15.442274732700852,15.518289468877295,small_pothole
0.8190564234948492,-1.8297883978915013,12.912032070674233,13.066734527036449,small_pothole
1.3983484060454185,-1.1666468824859333,9.7006649995804,9.870123841532493,small_pothole
0.464306161587553,-0.9067082084773289,15.264251837472859,15.298205258944655,small_pothole
2.536452097107552,-0.6183976540715721,12.698002966687168,12.963613857311497,small_pothole
1.0482178164175087,-1.2061985171875573,7.814525040671694,7.976244546452015,small_pothole
0.1746609801044483,-1.3608790923328833,11.242088957892538,11.325504955589802,small_pothole
0.4105452760325252,0.7600040712447427,13.27787403996319,13.305942004725168,small_pothole
1.9811958188783614,-2.124025674770099,10.9064661624412,11.286612693465589,small_pothole
3.514897447806494,-1.4380756239558572,14.858479284332885,15.336132896260457,small_pothole
0.3041606805617467,-1.5687323181317785,14.816042249369126,14.901964392006908,small_pothole
2.00667201787521,-2.585972314144397,12.423294507434164,12.847265538443914,small_pothole
2.943351802885203,-1.9373708562384466,9.211064982355852,9.862070968074196,small_pothole
1.7542579447859794,-2.285048746991745,16.794831435248042,17.040106562206972,small_pothole
0.8324402138955888,-0.6367826364442528,9.740520083377124,9.796743353301673,small_pothole
0.5068449628425016,-0.7336322151192514,12.937055054850045,12.967748514512483,small_pothole
3.668863716043826,-1.1498152261569117,15.473191669708603,15.943722792018962,severe_pothole
4.093109199170444,-2.7253645629943195,20.161619904462093,20.75264012335686,severe_pothole
3.1584927757813395,-0.5578256806860555,21.05243413809378,21.295356987932188,severe_pothole
3.624045236112599,-2.6360666006177134,12.239859149094013,13.034442948816151,severe_pothole
1.6107858710721767,-2.090593150454574,16.215986693353905,16.429346769795938,severe_pothole
4.066064711000679,-0.43616958834868114,16.40369604350891,16.90574961460376,severe_pothole
3.2389008984472443,-2.296000742814762,18.94318485615425,19.35475008713365,severe_pothole
1.8123780694070224,-1.438741295226102,15.611852283596672,15.78241497698939,severe_pothole
4.382840292674298,-0.6437338061714817,17.392460301125986,17.947739622875655,severe_pothole
3.7770522187638633,-1.4474144558781217,12.55415379050503,13.189689513631691,severe_pothole
2.6025886835178267,-4.837300283273377,12.354521871636111,13.520619533248718,severe_pothole
3.977155508630892,-0.6011189687353642,12.977408448508152,13.5864726840272,severe_pothole
2.7663480301120558,-3.0193549722416484,14.455274788786042,15.024119111995171,severe_pothole
4.522600393209952,-1.5931326345693104,20.027577556547417,20.59358756243104,severe_pothole
1.7455153330398523,-2.4016300217400586,9.660392107135992,10.106326048709084,severe_pothole
1.297604367042215,-2.6927840755287433,19.577149038731203,19.804030591157,severe_pothole
3.4419267716477844,-4.781693794919759,16.625418478424333,17.63848051937845,severe_pothole
1.50591060621728,-1.0681903365582277,12.541853717999814,12.677022206840999,severe_pothole
0.7295002026049362,1.1171551446821013,17.770138294329072,17.820157719910082,severe_pothole
1.891518319473328,-2.047228698312256,18.877471709717383,19.08213628101625,severe_pothole
3.4624979932681965,-1.7895985115288373,16.847021745924405,17.29201251715665,severe_pothole
3.18947233677662,-1.4007835015042132,16.65076686218286,17.011259956391136,severe_pothole
3.4629595503865374,-2.008605657840788,15.775803538815554,16.275827562112738,severe_pothole
1.1408994465430076,-1.3678087337539941,18.4191591542247,18.505079741193104,severe_pothole
3.9751729038044408,-2.710796070640575,21.671532780809176,22.19922854563708,severe_pothole
2.772744093678643,-0.710889786436284,14.80929797470364,15.083394200280338,severe_pothole
1.7166477093087373,-1.1113450855760019,17.016463418732222,17.1389029560868,severe_pothole
3.4984680081854456,0.11390689229103357,17.954700806734927,18.292718066044102,severe_pothole
5.3394338145768,-2.4632748244589857,13.302435238708513,14.544141762273002,severe_pothole
4.223696282850342,1.1424551402124092,14.019871094271231,14.686783158239368,severe_pothole
4.868740230794332,-0.619985040664063,16.948998234243426,17.645326690939708,severe_pothole
5.762969068393272,-0.9335092447497753,11.046717101779427,12.49452723075335,severe_pothole
2.6625761673976713,-1.8231634943448802,21.93458742821473,22.170687012817208,severe_pothole
2.6463907012114154,-3.0143366191312806,18.56534114624051,18.993722670218837,severe_pothole
1.9482930096831632,-1.910843200460829,19.682225793932346,19.870510300232944,severe_pothole
2.3368417154852317,-1.421296794177126,20.52743392602803,20.708849735507204,severe_pothole
2.972140907491443,-0.417649454459341,14.855402371292438,15.155561099932765,severe_pothole
1.7569020820264396,-2.538227281380665,13.342604280405633,13.695049895537899,severe_pothole
4.535742948998873,-2.3089038851219477,16.142278705366312,16.925636267267677,severe_pothole
0.4543103028513258,-0.685643936339454,16.64588227235194,16.66619038903962,severe_pothole
3.5349425787814637,-2.8297850548691326,20.77731041870286,21.264997783380586,severe_pothole
1.9080848394670893,-1.175958679728583,15.827700140246007,15.985610976768346,severe_pothole
2.6226284045088626,-1.4186971516164997,18.383113991544054,18.623366005699513,severe_pothole
2.3232995724790353,-3.199967874387089,15.183396084984341,15.689902229590487,severe_pothole
3.525888263719878,-1.264575747339896,10.485800905155259,11.134768093299146,severe_pothole
1.9529870524692228,-1.7008285504409297,15.086421294612753,15.30709259342389,severe_pothole
5.275421623597731,-0.37554217306701365,15.722261802540206,16.58796616279673,severe_pothole
3.5566358952630024,-3.1014343481049775,13.541649740572439,14.340321879352087,severe_pothole
1.8417538206814887,-1.34849535306352,18.722710603625366,18.861346431268753,severe_pothole
3.47510297683468,-1.4972092488097744,16.334414271597797,16.76696352445799,severe_pothole
3.5166474075817336,-3.062131192218999,10.514686706679543,11.50226468862699,severe_pothole
1.9464598233481378,-0.8513301376285214,14.699847251187595,14.852574795482113,severe_pothole
3.928936373449151,-1.0798991150303403,17.440624045358966,17.91027889835355,severe_pothole
4.233811247975163,-2.436790504619301,21.187589911068326,21.743437444122954,severe_pothole
4.7435511217752415,0.4117242285237275,13.471241066260001,14.287936518284875,severe_pothole
3.4648350032014497,-4.0252717408507745,21.842728453692263,22.479161027245645,severe_pothole
2.660477057202402,-1.3701327784808561,15.293541668384883,15.583575288270426,severe_pothole
4.183951883466248,-1.4340771196139528,18.18792464892858,18.717976214945484,severe_pothole
2.089831636225379,-2.6041534641714676,15.970158688391564,16.315482832730794,severe_pothole
2.215945041088794,-1.8180637154534112,20.63141751516254,20.829574090305588,severe_pothole
2.2407431895044363,-1.3017748649449974,16.810453018348912,17.009023444114277,severe_pothole
4.014520049105556,-2.93783483322873,16.833328567899137,17.55301100685725,severe_pothole
1.856931243038314,-2.2607735615183824,20.218936932762052,20.429505657965432,severe_pothole
1.699296089885124,-0.514617887382858,16.0181161604255,16.11621804580708,severe_pothole
3.2820018990102824,-2.908195958364547,17.103090793966935,17.656297882173135,severe_pothole
3.3410221435002763,-3.801124329499446,15.482205763129663,16.288329270479434,severe_pothole
-0.00010279132216739484,-3.43919747701685,18.97006269704267,19.27929869124432,severe_pothole
2.3395107425633856,-1.8330409232471438,20.609466475635244,20.8226669269621,severe_pothole
3.0619150638382093,-1.9353957812076164,16.952009321637917,17.334696441789063,severe_pothole
2.4890428265202775,-2.4603485343005915,15.521855224893784,15.911525342500937,severe_pothole
4.853559697028188,-2.7894769729035818,22.71872087900051,23.398258522653123,severe_pothole
0.9755547023602014,-1.8031086558770673,16.563217578317463,16.68961007180457,severe_pothole
5.145433493012867,-2.1937127019304814,17.17883637019906,18.06655142199816,severe_pothole
3.563193220593378,-0.4252325945507376,14.736293911992647,15.166922131644986,severe_pothole
1.2922419772261116,-2.3195238901909385,19.071246656754692,19.25519486911646,severe_pothole
2.81991942129161,-0.0014148698618727806,15.498330551530055,15.75278379934557,severe_pothole
3.6195031481574067,-2.9417452515634013,18.24245084194727,18.82927722684755,severe_pothole
2.518642008042738,-1.5039014423885555,18.35622494979937,18.589143915757198,severe_pothole
3.2203750733352594,-1.5227590772895452,19.779712809712013,20.097926501385963,severe_pothole
4.2466179032487945,-1.7754106470244895,16.20484794749467,16.845858351036416,severe_pothole
3.3740133744535896,0.8959592952735509,17.713548973129896,18.054266158812712,severe_pothole
3.4864344221616195,-3.686903815606419,18.61454521384843,19.293775634747444,severe_pothole
3.400170129016686,-4.60925315157788,14.785943696165985,15.85656023568096,severe_pothole
4.141828669237814,-2.0143681491188254,16.26708455967279,16.906521340507915,severe_pothole
4.226392018966306,-0.6800728380360663,15.068664902880855,15.66491463488805,severe_pothole
1.8056001258476275,-0.24494200675257982,21.86581916034991,21.94160969378177,severe_pothole
2.8033590044541117,-1.8253100592771903,16.68692307431223,17.01893005474687,severe_pothole
4.229374242655997,-2.7156709442302143,16.27420435425674,17.03268042692891,severe_pothole
1.7981052713693486,-1.3470034036518492,17.66783659963752,17.810110916214615,severe_pothole
3.7486728219357044,-2.0684941719023864,12.702869487160207,13.405003143339407,severe_pothole
1.9981478686967473,-2.7248561592782146,14.731675094381881,15.114221352102964,severe_pothole
4.126022095780127,-2.4161941066711603,14.70297257387977,15.460900840644408,severe_pothole
3.32739942554515,-0.5711901070460554,19.086288607157403,19.382576141246343,severe_pothole
2.3092008631491656,-2.0883811163900505,14.218834232622447,14.55572022431248,severe_pothole
3.0046032363017114,-1.6287936969477401,20.994163646988255,21.27053165182607,severe_pothole
2.0057029767368135,-1.4652514676662238,13.95312790099726,14.172493941292657,severe_pothole
6.032862260077966,-2.187802588935999,13.402705204870703,14.859825504557458,severe_pothole
3.3731778736677205,-2.2516050871938407,16.842491150956775,17.323901483388088,severe_pothole
3.9333162708426266,-0.5792969846937173,19.81760840972528,20.212475478381286,severe_pothole
2.567175866666075,-2.753160349796262,18.35598184696723,18.737992245923078,severe_pothole
4.964124343027116,-0.819450409969233,13.009943708497357,13.948930595773394,severe_pothole
2.260092136242981,-2.0357722991783436,18.12493270086152,18.378399569308765,severe_pothole
1.9274260138949946,-3.5220728513251656,14.962261496477696,15.491586016223772,severe_pothole
2.6303149741235075,-2.389506617808246,19.31379968531836,19.63800287769231,severe_pothole
3.223185745331088,-1.7095598287125335,20.48876835860408,20.811082384378494,severe_pothole
2.367196492089607,-0.8174887083714739,19.035273235527193,19.1993107733495,severe_pothole
4.341524039242406,-0.9485357826104761,15.705396206918854,16.32201032748458,severe_pothole
3.711173114004847,-3.9771313199361584,16.582222808261005,17.451661602292802,severe_pothole
1.6883438223899272,-0.32767891037591124,19.482239294342214,19.5580041479932,severe_pothole
0.6611127024196937,-3.7909440149526814,22.332502735002734,22.661619645089598,severe_pothole
2.19527706683897,-2.9826411314629873,18.650404666859636,19.014546635586754,severe_pothole
3.4398696262831407,-2.406287130677909,15.940743664240784,16.48424185002526,severe_pothole
2.523463722007726,-2.315050619486542,14.7933172200012,15.184517209929927,severe_pothole
2.8213976329606973,-3.137519679273933,17.350648444982582,17.856352253539466,severe_pothole
4.146708897564062,-1.0982009548118499,14.333876166085643,14.961993381998425,severe_pothole
2.424132567552851,-0.31354352914440065,18.648628714911972,18.808138695691767,severe_pothole
1.7180930734755704,-0.45849523286844507,14.761092084215871,14.867814271317364,severe_pothole
5.148974976129718,-2.4487304353496775,16.42191852625002,17.38354486670114,severe_pothole
2.0549683843659396,-1.3214977717995753,11.309777028855883,11.570665834948784,severe_pothole
2.684451464222655,-0.9332799475458873,14.70765925046644,14.979737372600678,severe_pothole
3.26390977223208,-2.114047722089852,13.868435431437806,14.403326216138579,severe_pothole
3.107594576612363,-3.123767112858102,17.219289186886744,17.774109967297917,severe_pothole
4.42166588643607,-0.527239684829768,16.77804940401414,17.358918534864756,severe_pothole
4.175295524033521,-3.433115817003131,17.243963299751847,18.071348793301514,severe_pothole
4.709220543965163,-1.1536761207994561,14.623003560461832,15.405841744373653,severe_pothole
3.443801806994219,-0.5966655135800469,21.31110497406152,21.595809219300445,severe_pothole
5.3160135773951716,-2.613719917799152,16.123602194169226,17.177371157414296,severe_pothole
3.7896410709940005,-1.8487207247640203,13.076262450137708,13.73927899964252,severe_pothole
1.7456309133983032,-2.6767501493945245,15.02486850588157,15.360953494725752,severe_pothole
4.454440061762178,-3.6224166874108086,17.873634556965143,18.773139087456915,severe_pothole
0.7251937496402596,-3.2616142192036452,14.784325231287127,15.157186606817964,severe_pothole
2.4865442356715333,-3.7650843642840033,15.234833160970842,15.888955407727218,severe_pothole
0.4162991923726085,-0.6856543943270084,12.792806094299396,12.817929424535532,severe_pothole
3.0073420978036447,-1.0600910192867745,19.362545887903995,19.62335554189401,severe_pothole
3.3650113400798367,-3.2879156368913285,16.84515757383941,17.489797718717607,severe_pothole
3.8780349329278017,-2.387469405471666,16.049703600726215,16.683289566936,severe_pothole
5.743536296133165,-1.2817700563558772,19.44544806876383,20.316411943484525,severe_pothole
1.3749885466426444,-1.3457906675048692,12.431929373411808,12.579929012901502,severe_pothole
3.8755725537747594,-1.0581395393884296,15.618324758542808,16.12674146155077,severe_pothole
4.726359497449172,-0.0627847725422328,16.30704402075492,16.978283208900418,severe_pothole
2.5165823781674668,-4.315612335998663,19.991280777711793,20.606042896054447,severe_pothole
3.197580493735825,-1.7159594848727298,13.510106709377952,13.988996435285259,severe_pothole
3.119840625837599,-1.326494785605065,12.881190489103822,13.319837174809718,severe_pothole
1.6150935319823705,-2.3898302695815987,17.127936828698665,17.369111544415617,severe_pothole
3.546552612295767,-1.966215452425328,15.719362517762445,16.23398893069639,severe_pothole
3.8013089229401364,-3.261418308538662,21.101902173933563,21.688178214620923,severe_pothole
4.613491775111917,-2.5415983743384145,19.434044487306355,20.135195896490988,severe_pothole
1.9946327593054187,1.3957074341504634,20.629710868812694,20.77285559611499,severe_pothole
2.759227408140319,-2.564071336703639,18.423365535253154,18.80447274865987,severe_pothole
1.461435300020485,-1.8043897658255357,16.94479943281152,17.10315302455578,severe_pothole
3.0531078669553664,-1.266448891166001,14.119694886865851,14.501418694023906,severe_pothole
3.6526554718822837,-1.4126854274055995,22.609280366776126,22.945961100301815,severe_pothole
3.676783034555446,-0.9131038276341208,16.998812943690442,17.415858680461685,severe_pothole
4.377490562807971,0.16778406761315656,14.205641778727674,14.865760440231465,severe_pothole
2.8270161331413886,-4.390309665518612,21.691365739326734,22.311032849543867,severe_pothole
3.6163624985958505,-2.2008391408422714,19.722358157087278,20.171593440319505,severe_pothole
2.0656833505879866,-2.2908791447430046,18.777317835882634,19.028999975575985,severe_pothole
3.418899530232579,-0.3959254881826657,19.8814008599418,20.17710908786766,severe_pothole
4.273593768698384,-4.015655523148255,14.863003908770041,15.978046757115285,severe_pothole
3.705072542772402,-2.274382812703678,21.38916560327412,21.82651563878698,severe_pothole
2.5851339026615916,-3.5216126568752877,13.889787442692164,14.560592989398595,severe_pothole
2.994585179538432,-0.5976259408531843,15.42858622256362,15.727872392341306,severe_pothole
4.875727324756902,-2.1594183097493334,14.83980435827248,15.768817259822141,severe_pothole
4.215876534864188,-1.6211531577398726,11.46696020457259,12.324484932495958,severe_pothole
1.9498827819381925,-3.477234676749833,18.930505859117336,19.345729656504723,severe_pothole
1.6996780858050078,-1.4970178726648373,16.753919910459455,16.906324274440422,severe_pothole
2.503039456712339,-1.790207236446347,17.4332190319679,17.702744823553537,severe_pothole
2.848477187311488,-4.755470989760758,15.287567903158958,16.26155155619494,severe_pothole
4.635284680408368,-2.514317673206108,17.616135620136617,18.388471704230106,severe_pothole
4.040818660085932,-0.2678073681550244,20.655049021748653,21.048301269246807,severe_pothole
3.7608451964359912,-1.6973331964817933,11.527074294206793,12.243297691210396,severe_pothole
3.3450496002549084,-1.8874094579964502,15.38875374805525,15.860813762496061,severe_pothole
3.1151120676815167,-0.9707488087470044,14.365307663079706,14.731202961701237,severe_pothole
2.9634970812608405,-4.738091946802675,16.675444624385133,17.586991887981664,severe_pothole
2.1486775664225854,-1.2632029527350372,15.461808662725266,15.661418329990815,severe_pothole
2.0318317015904293,-1.0250183215325617,22.017963959911597,22.135260097026897,severe_pothole
2.3622568504701333,-1.010113224416173,22.119975230105428,22.26867509157676,severe_pothole
2.28076765039021,-1.1548088828671474,17.933991802613704,18.115284888933733,severe_pothole
4.0134874697324605,-1.2551950494782909,20.828710933822975,21.248971632685922,severe_pothole
1.3369755311039122,-1.664915150899343,22.193396913063125,22.295881067390557,severe_pothole
2.7813996875120504,0.8624585933793689,20.23255538791956,20.441044899227116,severe_pothole
1.3257415388012714,-1.151886647671665,21.768856443705364,21.839586633987373,severe_pothole
3.2467124268700025,-2.4811798196520156,14.581958925193145,15.143675940017355,severe_pothole
3.4066274505349297,-1.8283615657139125,17.333795862741315,17.759743680946126,severe_pothole
1.9977895082329513,-2.093122730918453,21.208812065911687,21.405280538527272,severe_pothole
3.743416316567976,-2.5215637429240236,22.8611505241856,23.302438771902136,severe_pothole
2.046285530716336,-2.5109872311636003,18.735583196864738,19.01353252488674,severe_pothole
2.2077134784868284,-2.426527714075254,17.783993354625043,18.08403868574759,severe_pothole
3.637280865716746,-1.6174138543226815,14.418947800511454,14.958338655951676,severe_pothole
3.812996298905045,-2.1087520148492653,17.937187099542445,18.45883140612066,severe_pothole
2.952696665856919,-3.2215960205710896,18.861531849731282,19.361159114029036,severe_pothole
4.003932989084099,-4.006337785229666,18.126580831271195,18.990922949215587,severe_pothole
3.7655090159855393,-2.590490178817496,12.259807718376912,13.084058346231584,severe_pothole
2.6284746740156977,-4.857311418752092,16.996597852513094,17.87139311555577,severe_pothole
2.0157833164876786,-4.725300201703566,16.681222967055316,17.45437034246333,severe_pothole
2.463160216650005,0.443216671911673,17.10527049956632,17.287390726610006,severe_pothole
1.7405732157661866,-2.4646177389321444,12.494781936946334,12.85392980260675,severe_pothole
3.528661085138315,-1.660372788191265,20.79145400609571,21.154026721575466,severe_pothole
3.6864521604838023,-2.249112563560959,14.338835340537008,14.975000359870997,severe_pothole
2.084968636471328,-1.7276274775132145,21.965580829471865,22.13184429938431,severe_pothole
4.89165670780354,-2.3224833087004257,18.162747754249793,18.952773940790234,severe_pothole
0.42525365272952165,0.31958151659074385,17.25852872265545,17.266724839575957,severe_pothole
1.3995387563103938,-1.2824077480599914,18.20973147086998,18.308402404466964,severe_pothole
2.422820812785302,-2.2677581350223392,17.47532600658019,17.787630721545902,severe_pothole
3.2236994524607074,-1.0097585296587452,21.509500162010532,21.77315888123598,severe_pothole
4.576162345980547,-5.299322528967338,17.05376334363129,18.43515460372853,severe_pothole
3.5660467997032,-0.40326398179258804,13.9504853084405,14.404698954080883,severe_pothole
4.140297768093966,-1.7814881207340123,16.076356057092948,16.696256754351538,severe_pothole
2.365479431443056,-2.6111689049384603,15.473622115271729,15.869677922280717,severe_pothole
3.2557765471182774,-0.1886573364482036,17.3732765881098,17.67671948983536,severe_pothole
5.76160703736452,-3.0693712448736696,15.664626591660815,16.970494446186088,severe_pothole
4.188004452691965,-2.9865106157927888,18.266999621865892,18.977405042293306,severe_pothole
2.9471067305648084,-5.340969981463582,16.616454335485066,17.700789618192065,severe_pothole
3.924426178735496,-2.5150276218681173,9.26230300974246,10.36902800726222,severe_pothole
0.36333775458672646,-1.3085603057279862,13.288763007087686,13.357977640952136,severe_pothole
0.4302126196763796,-2.835825849483167,16.224163386073517,16.47575396528894,severe_pothole
3.3276159844090945,-3.4929323339198604,13.211009378370617,14.06429426684589,severe_pothole
4.95234840311562,-1.8984649576744523,19.35010363349527,20.063809073263396,severe_pothole
3.78766939947459,-1.2029298557027106,18.911166746823213,19.324225920942066,severe_pothole
1.6756457230693054,-1.7397961153828785,20.10598201584149,20.2505602869077,severe_pothole
2.7277340957567207,-2.8173129574984146,18.44042985674902,18.85277801543642,severe_pothole
3.8107627021796167,-2.109926084210159,18.966027066672375,19.459801724244336,severe_pothole
2.8227367159954198,-0.37342246237172305,19.74358553270186,19.94784340700384,severe_pothole
2.3847309312036753,-4.290230157397319,20.667903234300425,21.242769134933585,severe_pothole
2.028540444360364,-1.9702357831939217,17.48829492376106,17.715452709886655,severe_pothole
2.302421246761453,-0.1702487173773839,14.130477850976659,14.317839659678032,severe_pothole
0.6348444544714704,0.09477684926393426,13.811568100561384,13.826475455768705,severe_pothole
1.5893488340839927,-2.0919860795814786,12.31236902870084,12.589553867094676,severe_pothole
3.1297538647118044,-1.7598205154445121,16.74355344329244,17.12421996496915,severe_pothole
4.909662519860071,-3.475602856048522,14.02054303770141,15.256481519142245,severe_pothole
5.824180717975068,-0.1163027487108459,19.84469377644907,20.68203274453521,severe_pothole
1.9947316639066555,-3.3835295458544046,16.83440586519093,17.286539486913984,severe_pothole
3.970138100072149,-1.8556372998601225,21.001097770185268,21.45347276958109,severe_pothole
2.7960787067297304,-1.3905346145376187,14.973621271647332,15.295782969014176,severe_pothole
5.820242483878231,-1.6758540227423928,21.869500097107625,22.692702434352622,severe_pothole
1.6381936284228682,-4.351087170972383,16.817636797100047,17.448453953653868,severe_pothole
2.7577697236639036,-4.490012589212903,15.233669361423336,16.119249024480506,severe_pothole
2.9490367789016094,-1.144135395701464,16.64082101546168,16.938795346648547,severe_pothole
1.9924779939292432,-2.4532398843022545,16.47251407846956,16.772956643108614,severe_pothole
3.0872123599858323,-1.5005075319827565,18.03655824353916,18.36027876372706,severe_pothole
5.219454348436363,-0.5852430860301332,13.99781206986911,14.950717571693028,severe_pothole
2.6666411165831447,-3.508791098421556,15.81898369817096,16.421413917809048,severe_pothole
4.386307021356457,-0.2297266583209967,19.41520125211956,19.90584093384274,severe_pothole
3.0450070333108314,-2.0582681831655782,16.000227919977746,16.416937267285256,severe_pothole
2.6912705590022226,-1.2857729012875614,22.923933697289982,23.117155649715748,severe_pothole
1.0020079051128774,-1.2314979435562248,16.330552141154918,16.40754522352053,severe_pothole
4.775697328489746,-2.5241673902415958,19.907519830496238,20.627361726330978,severe_pothole
1.4390357486539025,-1.6644724908159223,13.857074916830939,14.030674175151102,severe_pothole
2.155172995662178,0.13883218634417682,19.1900719053609,19.311211892320955,severe_pothole
1.380385612671591,-3.2790078128716087,19.18355169680317,19.510664068156768,severe_pothole
3.315120569156378,-3.4674082429388147,22.415682335691084,22.92325803383666,severe_pothole
2.7412452123545163,-0.6502456157831318,13.616368401131947,13.90477375258031,severe_pothole
3.51227332091223,-2.039853294539254,19.033315278323983,19.46186414062424,severe_pothole
3.1701865569662715,-1.3458278082931323,18.251683070289644,18.573779103721524,severe_pothole
1.2837071033555438,-2.6866961474005944,16.182660681528276,16.45432304439,severe_pothole
1.3763637678683718,-2.544186715231473,13.399808974430595,13.708469783848665,severe_pothole
3.993953556549454,-2.155121374195412,18.205735064931282,18.762862319056133,severe_pothole
2.4417481738312086,-0.7195499751096357,18.238959330204434,18.415741194965236,severe_pothole
3.9726701383976493,-1.7905481146551336,18.07946796621989,18.597186145247424,severe_pothole
4.490696237677827,-1.5367012901063888,17.541868077182816,18.17264260341335,severe_pothole
4.013765809570405,-1.5801161888827866,22.15179464382726,22.567877372201842,severe_pothole
3.7913634925201163,-3.4791935927654922,16.01980839733948,16.82597653260646,severe_pothole
1.7697115528362237,-1.9145406276106904,18.122287573816386,18.308868116383213,severe_pothole
1.10927699746414,-2.1184223355057648,17.094585762231088,17.26102751955823,severe_pothole
2.704735519467696,-4.696477471758568,17.2787805724345,18.108803189149356,severe_pothole
4.540417001224653,-0.9218253489233479,17.057876927416164,17.67586811983514,severe_pothole
1.973121504041859,-0.280715003295527,23.275619446752778,23.360789156465664,severe_pothole
2.7676926666577324,-3.725841654998006,16.45509242121991,17.09713675812644,severe_pothole
3.1160638341307525,-0.35303611399063684,14.70716476597224,15.037791851519112,severe_pothole
4.379992366983997,-1.7713558215316607,17.499133296006733,18.125719315180945,severe_pothole
3.7256420377668498,-0.3351244789761423,14.602016070559095,15.073539409669204,severe_pothole
3.726657893394742,-2.2001722826020194,13.838512368284553,14.499419357156894,severe_pothole
4.729372560446525,-2.2379276434520365,18.99803476825725,19.7053447066714,severe_pothole
2.481653909826208,0.8109584104431469,19.107249544280904,19.284793097646833,severe_pothole
1.1969873715063337,-1.2610674676892848,16.287811954503567,16.380350673623543,severe_pothole
3.5068147642387553,-2.6627417921989407,20.2931805755597,20.765382768320915,severe_pothole
2.1051602113418495,-2.8350811179468245,16.286713337100796,16.665125735668855,severe_pothole
4.011683505336398,-2.7743424002663506,17.537817033813262,18.203450404041934,severe_pothole
2.4056011077375765,-5.251683733825971,22.50012197550966,23.229778036875285,severe_pothole
1.2376246156621908,-1.3983910292758028,16.92749099550662,17.030183896922832,severe_pothole
4.740799820988057,-2.436300451424019,16.074467313493823,16.93514813176639,severe_pothole
3.4425271184344393,-4.03773413881502,23.231713559500182,23.829956039564433,severe_pothole
4.281966471529078,-2.1880068380031217,15.440681486025403,16.1721135149162,severe_pothole
4.238198640185075,-1.31171530330511,20.264632319609348,20.74459562873056,severe_pothole
2.5868262892245655,-0.7842572174983393,18.239057360890946,18.43827386301906,severe_pothole
1.067398248704293,-2.864401114093513,13.819732409651348,14.153767577508294,severe_pothole
2.2733425119566064,-1.6645488081236657,21.749358156866524,21.931105515841,severe_pothole
2.552702141016304,-2.2990219437420016,17.31532113254826,17.652822325107927,severe_pothole
1.124275988382722,-2.4787940677552696,16.672660568434686,16.89337227905161,severe_pothole
3.3678881118205215,-1.3587873530444199,16.738367623072715,17.127811421476604,severe_pothole
2.8394887227893517,-1.420321390342549,18.18947773968115,18.464482378368164,severe_pothole
0.8021552074115434,-0.6045927803045645,13.740716538492421,13.777382784766235,severe_pothole
3.4676738718760154,-2.0589286742383783,14.798334446139688,15.338013292049823,severe_pothole
1.7844972668192367,1.7224142387176467,19.41924695442964,19.576983771310314,severe_pothole
3.121317576964454,-1.8784077835916109,22.554935034747775,22.84723470443234,severe_pothole
2.9968087768775544,-1.68859435251546,12.545383793056564,13.008415285791108,severe_pothole
1.9702852595444451,-2.5505730396997017,15.929670915694128,16.25244173400208,severe_pothole
2.5499922172520826,-3.5464124418266447,14.97157989107172,15.595759229685873,severe_pothole
4.1747750213794745,-3.3682751356457814,11.016437733884395,12.252996540156841,severe_pothole
2.2305400036363165,-3.962767869634095,20.762338505483335,21.254494539101657,severe_pothole
2.660191368580738,-1.0631956844448354,17.33771955261565,17.572806334391913,severe_pothole
1.4078134071442976,-0.13155539207310496,16.87495298483046,16.93408644275673,severe_pothole
0.6775990314623312,-1.2169437222864008,14.008604749419897,14.077680899072853,severe_pothole
3.615131447146091,-1.7345130366494452,17.5880532830718,18.03932729185388,severe_pothole
1.2212857510743373,-1.2387209952227307,18.58285119270815,18.664091915764818,severe_pothole
3.8367777172446105,-0.7433849440451277,14.72802952171359,15.237727455859185,severe_pothole
2.4639474616229466,0.004436129038292158,19.490124448017404,19.645254077565014,severe_pothole
1.1908614894746925,-0.9299429125306917,14.445389357070933,14.524194249081708,severe_pothole
5.105782840415873,-0.2757845465415558,19.02397920531425,19.699158873764773,severe_pothole
3.1106180934379375,0.0030974003937065397,18.681238598461057,18.93844318020211,severe_pothole
0.7154970527067119,-1.260315346425723,14.516607124506832,14.588770106220425,severe_pothole
4.192999492925999,-1.6978872671582625,16.522094100781906,17.130197295850042,severe_pothole
2.3297770598999454,-1.3364394864244225,16.45937181311976,16.677075646894203,severe_pothole
4.82731478680858,-0.6293854773386702,16.24735640727555,16.961004815607577,severe_pothole
2.6358832808550074,-2.611735248372643,22.177880344501986,22.48616059386152,severe_pothole
3.392255390603821,-1.9807925439616014,17.466782285646044,17.903056139984955,severe_pothole
3.982949729607401,-5.259508269732131,13.158696251630044,14.719972922210927,severe_pothole
4.248611310774368,-0.22000026526335392,18.64615742790567,19.125330977868007,severe_pothole
3.544101704396212,-1.6257189350796868,14.334209811024742,14.855072865976078,severe_pothole
4.491596248496991,-1.726459316669009,14.802998327812308,15.565470057946834,severe_pothole
2.4079656156431146,-2.0719806070591895,19.07557243040534,19.338274628047593,severe_pothole
2.8989668910118804,-2.0058804198834457,13.805907444885573,14.248882260402105,severe_pothole
2.3671632016024406,-4.476376297527372,21.400044007703688,21.99098201335584,severe_pothole
0.8933935007307459,-0.9864202284025596,16.950264128974812,17.002430145604478,severe_pothole
3.4226821012631787,-2.3539382681676932,13.62534653492129,14.244502319608896,severe_pothole
1.8961872928908592,-1.1699030069507215,18.389828392705553,18.52430801969543,severe_pothole
2.450743866337967,-1.659749936066173,16.75745828546082,17.016854102260627,severe_pothole
4.172169895998839,-2.33139677553928,20.325930868541814,20.880274860231484,severe_pothole
5.189581179885054,-1.0524889669354156,13.513876940564966,14.514281098727261,severe_pothole
5.344095886333121,-2.141694105232366,16.821637552933762,17.779586734369868,severe_pothole
3.34247220506745,-1.9262526713207007,14.870041096604888,15.362314018732233,severe_pothole
2.8102412203754796,-2.5522903852230434,20.077034611832996,20.432791310340825,severe_pothole
0.5505500617277996,-3.220275094232046,16.319047881443286,16.642854346831204,severe_pothole
3.973098352430373,-2.527173328342196,15.656923231303491,16.34965934264381,severe_pothole
4.149584539380311,-0.013904519724841746,15.790345682885352,16.326489578906695,severe_pothole
2.748816587664226,-2.2296705171787825,15.79660033126379,16.188267519209013,severe_pothole
2.764399797413024,-3.5014027689608764,12.989441850917697,13.734166417689725,severe_pothole
0.9377585146026437,-2.336779153406215,17.441070641062584,17.621886191609537,severe_pothole
1.7859471124086788,-3.7506544610880637,17.47531060549973,17.962279831176552,severe_pothole
2.552930195993657,0.6921814161793032,17.135133530249423,17.338090113908112,severe_pothole
1.519304734154823,-2.772408278393902,9.106609632130045,9.639754847989446,severe_pothole
4.417447913930835,-2.56182718720488,15.372345895678059,16.198327782390503,severe_pothole
3.0164463053605104,-2.3946259322680077,16.23039603689979,16.681095203349987,severe_pothole
3.439442399491685,-1.3121534817433644,17.684083250304194,18.06317555643973,severe_pothole
3.038864016627906,-0.0011291088795728488,17.828774464460086,18.085903203628696,severe_pothole
5.100686696467525,-0.8229250574267135,16.7500262699202,17.528764658944972,severe_pothole
2.7502256594878953,-1.578582294116472,14.080957163773231,14.433607237465633,severe_pothole
5.583804327514898,-1.2665686645454914,17.455889817511757,18.370932373483207,severe_pothole
2.762619363449595,-3.248528161590735,17.343321817727713,17.859893970492234,severe_pothole
4.1277637550003705,-1.293834666494432,18.709546272696503,19.203113380165444,severe_pothole
3.0553860350469577,-1.284447769490221,14.351871842980303,14.729610154143225,severe_pothole
3.1910024913160977,-3.208887673160092,16.27571151554971,16.89314187284123,severe_pothole
2.6315303520562305,-2.3843006496406938,17.29095407288247,17.651825240812947,severe_pothole
5.166968521739626,-2.231840742308786,19.809081273971067,20.593163373373912,severe_pothole
1.9343036644068476,-2.9026895808937447,16.871958278258365,17.228758330548892,severe_pothole
3.5030090009655126,-1.933494504371487,20.893908549532224,21.273572514636463,severe_pothole
4.231695399495337,-0.8368207716165046,14.494217173866081,15.122494716187315,severe_pothole
2.8376396382853986,-2.5004440005037987,16.216195468479015,16.65140878089128,severe_pothole
2.354675052163105,-1.4085666825654193,15.028909392822097,15.277325428168666,severe_pothole
2.7190581422526927,-2.89929161763181,11.50875980110299,12.175825278990532,severe_pothole
4.070821900488927,-1.5932214524865498,19.835401886830386,20.311403534818517,severe_pothole
3.0591129512938893,-0.9675116715973213,20.75439629211957,21.00093370147617,severe_pothole
2.012046614828593,-3.4349456034661277,18.01699699456061,18.451540954105177,severe_pothole
2.1472290990201337,-3.261627340772984,14.502121021076421,15.018665713827685,severe_pothole
2.3694241335620023,-2.064145191098407,22.320929796145304,22.541046405592798,severe_pothole
4.880003016177675,-0.609309960224085,18.003907329611785,18.663503615312436,severe_pothole
2.3190440470969835,-1.3523553623732099,15.057570323253604,15.295007497815853,severe_pothole
3.4193687025698156,-1.7106145504846713,22.24640222459619,22.57256512678526,severe_pothole
0.40910032542167185,-4.135457453927348,14.253022250974382,14.846481560163479,severe_pothole
2.7366143896058777,-2.67883317115326,21.83645181918545,22.169705309901538,severe_pothole
4.002923306554343,-3.2251507396626597,12.96520855766408,13.947100961684779,severe_pothole
2.832243494895108,-2.6831165866271895,19.960105810975243,20.33781064463767,severe_pothole
1.1321844707808495,-0.5286197149311014,16.79936245544386,16.84576680915024,severe_pothole
4.102220873902394,-2.1071711393605344,18.563732806656713,19.128004653538152,severe_pothole
3.6334470890751716,-1.8958593526889154,16.096823444036215,16.610356571210648,severe_pothole
3.345109001288788,-0.9494449495688628,18.603090678350604,18.9252789339999,severe_pothole
2.3361667337766017,0.69632185214259,20.4653891829593,20.61006291935479,severe_pothole
2.491759686444966,-1.4980096999643329,20.12931834596062,20.33819944019643,severe_pothole
2.7305223751371215,-1.9040111983036907,16.97468031981285,17.29799939427193,severe_pothole
4.058092256991041,-3.9480034913579987,16.076797716312196,17.04459647939037,severe_pothole
3.6624001930417753,-3.5809278883204785,17.21121889221831,17.957234627614472,severe_pothole
1.5411354887487534,-0.9552932866381143,15.59816400202294,15.70319725699773,severe_pothole
3.903118020409788,-1.2721436292347241,14.556138174581847,15.123949161914327,severe_pothole
2.3969496886233017,-2.2202390249285,20.31577971676896,20.5768251836353,severe_pothole
3.5132499404682718,0.07157065017903808,16.91647024792245,17.277587017607896,severe_pothole
2.793703328157046,-1.09713271583953,15.708816513793469,15.99297954559911,severe_pothole
3.640990610013074,-2.3590546415788087,15.230220170229405,15.836084044290132,severe_pothole
3.2110967309988667,-1.7729665293422152,15.48137201307788,15.909979004929907,severe_pothole
3.3337745078817593,-2.1615236501209054,14.69872487982276,15.226252002779768,severe_pothole
3.714420398804326,-1.5641587727430613,16.006833105363384,16.50642958450918,severe_pothole
0.9532282033310087,-1.9767549277499816,16.672079859618325,16.81589875378359,severe_pothole
1.7881575234748766,-3.147756594373702,20.018466582140665,20.34317780501526,severe_pothole
3.6646980478549116,-1.9800578711864678,15.831687731843267,16.370491055365314,severe_pothole
2.774917964070483,-3.702894885669212,16.612475244999295,17.24488138571416,severe_pothole
3.8889712304767143,-1.405616848115033,17.17891370308325,17.66960474864002,severe_pothole
2.3463849490709574,-0.9168523243366344,19.61334993674074,19.774469304001972,severe_pothole
1.9717627592649918,-4.427731392524333,14.676520308226673,15.456160649429071,severe_pothole
2.129205907487916,-1.37906476061899,20.013868534295174,20.17399987901539,severe_pothole
3.2510955147817686,-1.2704139646919597,16.010387467740767,16.3864602814369,severe_pothole
3.3729858805001958,-1.9761342000511801,20.219473314983404,20.593912723472233,severe_pothole
3.1908653206491273,-1.903315801786728,18.710424302899668,19.075749267863394,severe_pothole
2.3393568632685264,-0.268184341620205,18.957058550489833,19.10273755935289,severe_pothole
2.9353978757634156,-3.1761210087683835,18.745318526157217,19.23775641800439,severe_pothole
2.7705761255043075,-2.383754071005652,13.357665815015013,13.848668223474457,severe_pothole
4.747239630672109,-0.7209760301152754,13.505802609371617,14.333973443198987,severe_pothole
2.570318060639428,-2.439911647314438,20.309828802155543,20.61671287456894,severe_pothole
3.151624805846778,-2.7984825006509175,13.751413370152214,14.382823537125082,severe_pothole
3.0205173684563666,-1.608295721053586,15.233926084419707,15.613540413534304,severe_pothole
1.5124409837185377,-1.6357090372618581,21.662117281154345,21.776371297493466,severe_pothole
3.141323151641637,-4.678645287147003,12.597218326474904,13.800273273774609,severe_pothole
0.9236079385416036,-1.960966889202016,17.768414066969704,17.900139139681865,severe_pothole
4.694445087559126,-2.5084239086022317,19.05349450469003,19.782963833197705,severe_pothole
3.272415427908487,-3.536239526789778,20.24878944068563,20.814109794484743,severe_pothole
1.3437239765255784,-0.4972671169426979,14.401554720797305,14.472651695069613,severe_pothole
3.3912890919666205,-1.8631270901168806,16.538791196967562,16.985396625222236,severe_pothole
3.1472505798420736,-1.0286065034359422,10.542298684797029,11.050035253821598,severe_pothole
3.2782176412982658,-3.4105554483500846,15.03812291677932,15.76463574682755,severe_pothole
3.4319549229241626,-1.595984902946243,21.138699704484477,21.474871538609676,severe_pothole
2.5533825796209593,-4.070303458454306,22.78108985309663,23.282293438076053,severe_pothole
3.0861679557150796,-3.04244136060661,15.214338525923706,15.819512598845096,severe_pothole
2.532756760753871,-0.7049495671940029,12.682093295656994,12.951729655191986,severe_pothole
4.835869783153798,-1.5371534937032398,16.33791615964367,17.10777547965748,severe_pothole
3.066515201327776,-3.249218981796325,14.727458018628798,15.390222843159664,severe_pothole
4.003123012406958,-0.6682158828557094,15.979680196879407,16.487015664246293,severe_pothole
2.995741707223826,0.11975435393424716,13.168585021608873,13.505570737774399,severe_pothole
1.9281856966383817,0.2949779589534258,16.75090085532334,16.8640917793358,severe_pothole
3.3803057914724817,-2.0871907950040955,20.416359363951273,20.799292351823247,severe_pothole
2.2390459146704047,-1.546333536159948,17.528407127981755,17.73836324065264,severe_pothole
2.947557921622802,-2.702268102670596,15.62044694522865,16.12416550922048,severe_pothole
4.489945618861893,-4.08220433125776,18.62288165707467,19.586621073474745,severe_pothole
2.616114062145778,-1.8698112021355802,16.514874680868353,16.825021023540362,severe_pothole
4.061857713921812,-1.1672167788419023,17.315140310609507,17.82344431003869,severe_pothole
2.1585958279389867,-2.3018986346231203,17.230781608807526,17.517365901381837,severe_pothole
1.5842382615602284,-0.84337619784978,18.608119272134488,18.694469693641324,severe_pothole
3.1553790173093237,-0.7550900544409,19.085213472222886,19.35902763605418,severe_pothole
1.683346014035371,-3.3887144883411775,14.666046085975971,15.146284939959147,severe_pothole
2.7021569422892933,-2.2988151992732027,15.125453597576554,15.5359438076228,severe_pothole
3.4727705458476144,-2.112837418441904,15.285466807246848,15.816754178285763,severe_pothole
3.0073707363454343,-2.632668612634954,15.773693494887665,16.272204191210285,severe_pothole
0.863150561435182,-0.6496928608154873,16.16986547993418,16.205914949309943,severe_pothole
6.563109684816627,-1.896080922577387,12.82567895671226,14.531605978024157,severe_pothole
1.6599178342237748,-1.1433783129901283,14.66999140712142,14.807811758258092,severe_pothole
2.569671782490856,-2.5963778059260787,17.966810942130632,18.33441262247308,severe_pothole
1.6975371815428595,-2.8034502199993643,16.714422798918587,17.03270075823985,severe_pothole
5.01215456073068,-1.0707407412980565,13.914262694785181,14.828178762586438,severe_pothole
2.4767281397343206,-0.5312591443093209,17.552174756464748,17.73401413211466,severe_pothole
6.207698934250159,-1.6337302649102927,18.80716925063807,19.872448662883006,severe_pothole
-0.25955991588651894,-2.267611452577758,16.02290401091303,16.184649702502977,severe_pothole
3.8565541530957836,-0.006194464346717332,16.022405245228654,16.48000358463188,severe_pothole
2.4984880541109664,-1.3690328459181078,16.182828810760856,16.43169625474283,severe_pothole
3.442292803563466,-0.9948897218110557,19.843669324631747,20.16458275217618,severe_pothole
2.557037266170334,-2.1093111124350807,19.102445143689422,19.38790972274447,severe_pothole
3.907323582757957,-1.1927405367167148,18.766020261548352,19.205554509702317,severe_pothole
1.897205315342804,0.055468208891633175,15.187974752863626,15.306111257415631,severe_pothole
3.289567811169448,0.9676864821109086,18.899028331398338,19.207575208311418,severe_pothole
1.9246603336673624,-2.9111684951466166,14.513415780270847,14.9271047768193,severe_pothole
2.6524974621050004,-0.015475060335992552,12.390226042905265,12.67097800717268,severe_pothole
1.4495090548261367,-1.4467530323850923,17.10671986299074,17.22887214264417,severe_pothole
4.108689537412867,-0.09440170490965083,13.252459672819924,13.875083018722957,severe_pothole
2.987539478838849,-2.562418433058209,16.512620522878326,16.975217727507346,severe_pothole
4.36143755509142,-1.405680848812543,14.54003518991872,15.245022122639078,severe_pothole
2.5616773208316657,-2.112843617752775,13.399831244621721,13.805135864361583,severe_pothole
3.5267794395909093,-1.3721999518526338,13.408873790896825,13.932659554571243,severe_pothole
2.756120791067401,-0.9453728823565823,14.613831670166993,14.901476698153946,severe_pothole
4.102350038381298,-2.383069243071895,13.009958242857511,13.848007377799103,severe_pothole
4.736463104503065,-1.4770365501195641,18.05809790905007,18.727269416643377,severe_pothole
2.401272398125827,-3.925213102995886,21.97684926062005,22.453403093026846,severe_pothole
2.809572241960399,-2.5736977153192866,18.557744378137315,18.94485398510427,severe_pothole
3.5693761658625123,-3.5735385578863443,19.099305616088248,19.755862397143485,severe_pothole
1.6869257883478654,-0.9522597575320075,18.458472170945036,18.559841382586228,severe_pothole
1.7375345324828118,-2.6747991959091517,16.41837742584739,16.7253309171323,severe_pothole
3.495690415125315,-1.8377562739388829,16.670861529843883,17.132274330865396,severe_pothole
2.951230469156608,-3.4623898801509485,17.12920739282268,17.72308243141077,severe_pothole
2.4455113105769897,-1.5986214516399375,21.438059297162923,21.636231246325618,severe_pothole
3.2130652457220914,-1.7561321308541502,18.480168149990874,18.839437443464774,severe_pothole
2.823983195479531,-0.4574404669091632,19.016892826280817,19.230869601642244,severe_pothole
3.177221198342699,-2.0926605016312503,16.146746229478346,16.588893161313052,severe_pothole
3.5182064416810688,-3.3585382622987794,16.056049520830747,16.776599239446007,severe_pothole
3.2508021448620115,-3.5525545568040666,14.001453825436036,14.806386044201544,severe_pothole
3.23462887281252,-0.8333187363385317,13.955142897325722,14.349329508584914,severe_pothole
3.316802317667633,-1.4388739563376558,16.237072525539382,16.63472452661414,severe_pothole
3.367419080881754,-3.5883652315761676,18.859005616239557,19.49045841263941,severe_pothole
1.9559905212032196,-1.221536505663003,16.145222192128116,16.309084891154697,severe_pothole
2.359360329038004,-2.060585979441222,13.13471375838336,13.503084879225678,severe_pothole
0.7584800642438743,-4.048560944634508,16.306366719747075,16.81855324720739,severe_pothole
2.6116327933091004,-0.8691263984108422,18.338067088311348,18.543481633148343,severe_pothole
2.885469311755085,-0.888619509749929,16.18914257312853,16.4682699466359,severe_pothole
1.4069030521093921,-3.2372239146438146,17.75230257288128,18.099813300437766,severe_pothole
2.544965283311343,-1.2946739394335256,19.74110823471188,19.946538126635346,severe_pothole
2.2784452526659673,-1.6696410882243413,18.963446191155953,19.172670799284855,severe_pothole
2.329342293263762,-1.5533607491339174,16.48166033978199,16.717771762172127,severe_pothole
1.9836197340021051,-1.4898530590714907,13.281193458339782,13.510903340065559,severe_pothole
3.983014750837668,-4.401332430159095,13.634166828615458,14.870327460304251,severe_pothole
4.371807809800828,-3.0443082698823636,13.091981604251515,14.134372950151334,severe_pothole
2.9335755008344746,0.24863724442556379,25.059817908553942,25.232165172816476,severe_pothole
2.440297268790066,-0.91097919586836,16.03685960589327,16.247024339075153,severe_pothole
2.3779676987304175,-1.4587869180223645,16.239998184051316,16.477873972888265,severe_pothole
3.9331921325996158,-0.8099432452003208,14.007206967371525,14.571474031105108,severe_pothole
4.385970842858971,-3.5499033964973536,14.093788547885284,15.181351388838046,severe_pothole
4.253612900320748,-3.1169666702429617,14.668045381054144,15.58718253020232,severe_pothole
